SRC COUNTRY,LATITUDE,LONGITUDE,name,COUNTRY,CODE,DST COUNTRY,TIME,Value
Macedonia,41.608635,21.745275,Macedonia,Macedonia,MKD,India,01-01-2016,
Macedonia,41.608635,21.745275,Macedonia,Macedonia,MKD,India,01-01-2015,
Macedonia,41.608635,21.745275,Macedonia,Macedonia,MKD,India,01-01-2014,
Macedonia,41.608635,21.745275,Macedonia,Macedonia,MKD,India,01-01-2013,1
Macedonia,41.608635,21.745275,Macedonia,Macedonia,MKD,India,01-01-2012,1
San Marino,43.94236,12.457777,San Marino,San Marino,SMR,India,01-01-2016,
San Marino,43.94236,12.457777,San Marino,San Marino,SMR,India,01-01-2015,
San Marino,43.94236,12.457777,San Marino,San Marino,SMR,India,01-01-2014,
San Marino,43.94236,12.457777,San Marino,San Marino,SMR,India,01-01-2013,
San Marino,43.94236,12.457777,San Marino,San Marino,SMR,India,01-01-2012,
Sierra Leone,8.460555,-11.779889,Sierra Leone,Sierra Leone,SLE,India,01-01-2016,6
Sierra Leone,8.460555,-11.779889,Sierra Leone,Sierra Leone,SLE,India,01-01-2015,9
Sierra Leone,8.460555,-11.779889,Sierra Leone,Sierra Leone,SLE,India,01-01-2014,5
Sierra Leone,8.460555,-11.779889,Sierra Leone,Sierra Leone,SLE,India,01-01-2013,3
Sierra Leone,8.460555,-11.779889,Sierra Leone,Sierra Leone,SLE,India,01-01-2012,1
Portugal,39.399872,-8.224454,Portugal,Portugal,PRT,India,01-01-2016,3
Portugal,39.399872,-8.224454,Portugal,Portugal,PRT,India,01-01-2015,4
Portugal,39.399872,-8.224454,Portugal,Portugal,PRT,India,01-01-2014,7
Portugal,39.399872,-8.224454,Portugal,Portugal,PRT,India,01-01-2013,5
Portugal,39.399872,-8.224454,Portugal,Portugal,PRT,India,01-01-2012,13
Mongolia,46.862496,103.846656,Mongolia,Mongolia,MNG,India,01-01-2016,40
Mongolia,46.862496,103.846656,Mongolia,Mongolia,MNG,India,01-01-2015,87
Mongolia,46.862496,103.846656,Mongolia,Mongolia,MNG,India,01-01-2014,93
Mongolia,46.862496,103.846656,Mongolia,Mongolia,MNG,India,01-01-2013,106
Mongolia,46.862496,103.846656,Mongolia,Mongolia,MNG,India,01-01-2012,78
Bermuda,32.321384,-64.75737,Bermuda,Bermuda,BMU,India,01-01-2016,22
Bermuda,32.321384,-64.75737,Bermuda,Bermuda,BMU,India,01-01-2015,
Bermuda,32.321384,-64.75737,Bermuda,Bermuda,BMU,India,01-01-2014,
Bermuda,32.321384,-64.75737,Bermuda,Bermuda,BMU,India,01-01-2013,
Bermuda,32.321384,-64.75737,Bermuda,Bermuda,BMU,India,01-01-2012,
Jordan,30.585164,36.238414,Jordan,Jordan,JOR,India,01-01-2016,65
Jordan,30.585164,36.238414,Jordan,Jordan,JOR,India,01-01-2015,62
Jordan,30.585164,36.238414,Jordan,Jordan,JOR,India,01-01-2014,34
Jordan,30.585164,36.238414,Jordan,Jordan,JOR,India,01-01-2013,26
Jordan,30.585164,36.238414,Jordan,Jordan,JOR,India,01-01-2012,31
Monaco,43.750298,7.412841,Monaco,Monaco,MCO,India,01-01-2016,
Monaco,43.750298,7.412841,Monaco,Monaco,MCO,India,01-01-2015,
Monaco,43.750298,7.412841,Monaco,Monaco,MCO,India,01-01-2014,1
Monaco,43.750298,7.412841,Monaco,Monaco,MCO,India,01-01-2013,
Monaco,43.750298,7.412841,Monaco,Monaco,MCO,India,01-01-2012,
Botswana,-22.328474,24.684866,Botswana,Botswana,BWA,India,01-01-2016,36
Botswana,-22.328474,24.684866,Botswana,Botswana,BWA,India,01-01-2015,39
Botswana,-22.328474,24.684866,Botswana,Botswana,BWA,India,01-01-2014,31
Botswana,-22.328474,24.684866,Botswana,Botswana,BWA,India,01-01-2013,22
Botswana,-22.328474,24.684866,Botswana,Botswana,BWA,India,01-01-2012,15
Ukraine,48.379433,31.16558,Ukraine,Ukraine,UKR,India,01-01-2016,6
Ukraine,48.379433,31.16558,Ukraine,Ukraine,UKR,India,01-01-2015,7
Ukraine,48.379433,31.16558,Ukraine,Ukraine,UKR,India,01-01-2014,7
Ukraine,48.379433,31.16558,Ukraine,Ukraine,UKR,India,01-01-2013,5
Ukraine,48.379433,31.16558,Ukraine,Ukraine,UKR,India,01-01-2012,5
Macau,22.198745,113.543873,Macau,Macau,MAC,India,01-01-2016,
Macau,22.198745,113.543873,Macau,Macau,MAC,India,01-01-2015,1
Macau,22.198745,113.543873,Macau,Macau,MAC,India,01-01-2014,
Macau,22.198745,113.543873,Macau,Macau,MAC,India,01-01-2013,
Macau,22.198745,113.543873,Macau,Macau,MAC,India,01-01-2012,
Tonga,-21.178986,-175.198242,Tonga,Tonga,TON,India,01-01-2016,1
Tonga,-21.178986,-175.198242,Tonga,Tonga,TON,India,01-01-2015,
Tonga,-21.178986,-175.198242,Tonga,Tonga,TON,India,01-01-2014,
Tonga,-21.178986,-175.198242,Tonga,Tonga,TON,India,01-01-2013,4
Tonga,-21.178986,-175.198242,Tonga,Tonga,TON,India,01-01-2012,3
Singapore,1.352083,103.819836,Singapore,Singapore,SGP,India,01-01-2016,152
Singapore,1.352083,103.819836,Singapore,Singapore,SGP,India,01-01-2015,138
Singapore,1.352083,103.819836,Singapore,Singapore,SGP,India,01-01-2014,147
Singapore,1.352083,103.819836,Singapore,Singapore,SGP,India,01-01-2013,100
Singapore,1.352083,103.819836,Singapore,Singapore,SGP,India,01-01-2012,98
Russia,61.52401,105.318756,Russia,Russia,RUS,India,01-01-2016,29
Russia,61.52401,105.318756,Russia,Russia,RUS,India,01-01-2015,43
Russia,61.52401,105.318756,Russia,Russia,RUS,India,01-01-2014,27
Russia,61.52401,105.318756,Russia,Russia,RUS,India,01-01-2013,32
Russia,61.52401,105.318756,Russia,Russia,RUS,India,01-01-2012,18
Moldova,47.411631,28.369885,Moldova,Moldova,MDA,India,01-01-2016,
Moldova,47.411631,28.369885,Moldova,Moldova,MDA,India,01-01-2015,
Moldova,47.411631,28.369885,Moldova,Moldova,MDA,India,01-01-2014,
Moldova,47.411631,28.369885,Moldova,Moldova,MDA,India,01-01-2013,
Moldova,47.411631,28.369885,Moldova,Moldova,MDA,India,01-01-2012,
Grenada,12.262776,-61.604171,Grenada,Grenada,GRD,India,01-01-2016,
Grenada,12.262776,-61.604171,Grenada,Grenada,GRD,India,01-01-2015,
Grenada,12.262776,-61.604171,Grenada,Grenada,GRD,India,01-01-2014,
Grenada,12.262776,-61.604171,Grenada,Grenada,GRD,India,01-01-2013,
Grenada,12.262776,-61.604171,Grenada,Grenada,GRD,India,01-01-2012,
Maldives,3.202778,73.22068,Maldives,Maldives,MDV,India,01-01-2016,256
Maldives,3.202778,73.22068,Maldives,Maldives,MDV,India,01-01-2015,240
Maldives,3.202778,73.22068,Maldives,Maldives,MDV,India,01-01-2014,332
Maldives,3.202778,73.22068,Maldives,Maldives,MDV,India,01-01-2013,287
Maldives,3.202778,73.22068,Maldives,Maldives,MDV,India,01-01-2012,264
Suriname,3.919305,-56.027783,Suriname,Suriname,SUR,India,01-01-2016,
Suriname,3.919305,-56.027783,Suriname,Suriname,SUR,India,01-01-2015,
Suriname,3.919305,-56.027783,Suriname,Suriname,SUR,India,01-01-2014,
Suriname,3.919305,-56.027783,Suriname,Suriname,SUR,India,01-01-2013,3
Suriname,3.919305,-56.027783,Suriname,Suriname,SUR,India,01-01-2012,
Austria,47.516231,14.550072,Austria,Austria,AUT,India,01-01-2016,2
Austria,47.516231,14.550072,Austria,Austria,AUT,India,01-01-2015,5
Austria,47.516231,14.550072,Austria,Austria,AUT,India,01-01-2014,2
Austria,47.516231,14.550072,Austria,Austria,AUT,India,01-01-2013,7
Austria,47.516231,14.550072,Austria,Austria,AUT,India,01-01-2012,3
Nepal,28.394857,84.124008,Nepal,Nepal,NPL,India,01-01-2016,9144
Nepal,28.394857,84.124008,Nepal,Nepal,NPL,India,01-01-2015,8553
Nepal,28.394857,84.124008,Nepal,Nepal,NPL,India,01-01-2014,8183
Nepal,28.394857,84.124008,Nepal,Nepal,NPL,India,01-01-2013,6983
Nepal,28.394857,84.124008,Nepal,Nepal,NPL,India,01-01-2012,5481
Turkey,38.963745,35.243322,Turkey,Turkey,TUR,India,01-01-2016,44
Turkey,38.963745,35.243322,Turkey,Turkey,TUR,India,01-01-2015,28
Turkey,38.963745,35.243322,Turkey,Turkey,TUR,India,01-01-2014,17
Turkey,38.963745,35.243322,Turkey,Turkey,TUR,India,01-01-2013,28
Turkey,38.963745,35.243322,Turkey,Turkey,TUR,India,01-01-2012,13
Thailand,15.870032,100.992541,Thailand,Thailand,THA,India,01-01-2016,336
Thailand,15.870032,100.992541,Thailand,Thailand,THA,India,01-01-2015,362
Thailand,15.870032,100.992541,Thailand,Thailand,THA,India,01-01-2014,320
Thailand,15.870032,100.992541,Thailand,Thailand,THA,India,01-01-2013,279
Thailand,15.870032,100.992541,Thailand,Thailand,THA,India,01-01-2012,282
Solomon Islands,-9.64571,160.156194,Solomon Islands,Solomon Islands,SLB,India,01-01-2016,
Solomon Islands,-9.64571,160.156194,Solomon Islands,Solomon Islands,SLB,India,01-01-2015,
Solomon Islands,-9.64571,160.156194,Solomon Islands,Solomon Islands,SLB,India,01-01-2014,1
Solomon Islands,-9.64571,160.156194,Solomon Islands,Solomon Islands,SLB,India,01-01-2013,
Solomon Islands,-9.64571,160.156194,Solomon Islands,Solomon Islands,SLB,India,01-01-2012,1
Japan,36.204824,138.252924,Japan,Japan,JPN,India,01-01-2016,52
Japan,36.204824,138.252924,Japan,Japan,JPN,India,01-01-2015,64
Japan,36.204824,138.252924,Japan,Japan,JPN,India,01-01-2014,47
Japan,36.204824,138.252924,Japan,Japan,JPN,India,01-01-2013,56
Japan,36.204824,138.252924,Japan,Japan,JPN,India,01-01-2012,40
Peru,-9.189967,-75.015152,Peru,Peru,PER,India,01-01-2016,2
Peru,-9.189967,-75.015152,Peru,Peru,PER,India,01-01-2015,3
Peru,-9.189967,-75.015152,Peru,Peru,PER,India,01-01-2014,1
Peru,-9.189967,-75.015152,Peru,Peru,PER,India,01-01-2013,1
Peru,-9.189967,-75.015152,Peru,Peru,PER,India,01-01-2012,1
Hong Kong,22.396428,114.109497,Hong Kong,Hong Kong,HKG,India,01-01-2016,8
Hong Kong,22.396428,114.109497,Hong Kong,Hong Kong,HKG,India,01-01-2015,10
Hong Kong,22.396428,114.109497,Hong Kong,Hong Kong,HKG,India,01-01-2014,2
Hong Kong,22.396428,114.109497,Hong Kong,Hong Kong,HKG,India,01-01-2013,4
Hong Kong,22.396428,114.109497,Hong Kong,Hong Kong,HKG,India,01-01-2012,2
United Arab Emirates,23.424076,53.847818,United Arab Emirates,United Arab Emirates,ARE,India,01-01-2016,1479
United Arab Emirates,23.424076,53.847818,United Arab Emirates,United Arab Emirates,ARE,India,01-01-2015,1284
United Arab Emirates,23.424076,53.847818,United Arab Emirates,United Arab Emirates,ARE,India,01-01-2014,538
United Arab Emirates,23.424076,53.847818,United Arab Emirates,United Arab Emirates,ARE,India,01-01-2013,805
United Arab Emirates,23.424076,53.847818,United Arab Emirates,United Arab Emirates,ARE,India,01-01-2012,748
Morocco,31.791702,-7.09262,Morocco,Morocco,MAR,India,01-01-2016,2
Morocco,31.791702,-7.09262,Morocco,Morocco,MAR,India,01-01-2015,
Morocco,31.791702,-7.09262,Morocco,Morocco,MAR,India,01-01-2014,3
Morocco,31.791702,-7.09262,Morocco,Morocco,MAR,India,01-01-2013,4
Morocco,31.791702,-7.09262,Morocco,Morocco,MAR,India,01-01-2012,2
Cuba,21.521757,-77.781167,Cuba,Cuba,CUB,India,01-01-2016,
Cuba,21.521757,-77.781167,Cuba,Cuba,CUB,India,01-01-2015,
Cuba,21.521757,-77.781167,Cuba,Cuba,CUB,India,01-01-2014,1
Cuba,21.521757,-77.781167,Cuba,Cuba,CUB,India,01-01-2013,
Cuba,21.521757,-77.781167,Cuba,Cuba,CUB,India,01-01-2012,
Tanzania,-6.369028,34.888822,Tanzania,Tanzania,TZA,India,01-01-2016,819
Tanzania,-6.369028,34.888822,Tanzania,Tanzania,TZA,India,01-01-2015,838
Tanzania,-6.369028,34.888822,Tanzania,Tanzania,TZA,India,01-01-2014,810
Tanzania,-6.369028,34.888822,Tanzania,Tanzania,TZA,India,01-01-2013,759
Tanzania,-6.369028,34.888822,Tanzania,Tanzania,TZA,India,01-01-2012,777
Norway,60.472024,8.468946,Norway,Norway,NOR,India,01-01-2016,2
Norway,60.472024,8.468946,Norway,Norway,NOR,India,01-01-2015,4
Norway,60.472024,8.468946,Norway,Norway,NOR,India,01-01-2014,6
Norway,60.472024,8.468946,Norway,Norway,NOR,India,01-01-2013,3
Norway,60.472024,8.468946,Norway,Norway,NOR,India,01-01-2012,8
Belarus,53.709807,27.953389,Belarus,Belarus,BLR,India,01-01-2016,4
Belarus,53.709807,27.953389,Belarus,Belarus,BLR,India,01-01-2015,2
Belarus,53.709807,27.953389,Belarus,Belarus,BLR,India,01-01-2014,4
Belarus,53.709807,27.953389,Belarus,Belarus,BLR,India,01-01-2013,1
Belarus,53.709807,27.953389,Belarus,Belarus,BLR,India,01-01-2012,1
Czech Republic,49.817492,15.472962,Czech Republic,Czech Republic,CZE,India,01-01-2016,1
Czech Republic,49.817492,15.472962,Czech Republic,Czech Republic,CZE,India,01-01-2015,2
Czech Republic,49.817492,15.472962,Czech Republic,Czech Republic,CZE,India,01-01-2014,
Czech Republic,49.817492,15.472962,Czech Republic,Czech Republic,CZE,India,01-01-2013,1
Czech Republic,49.817492,15.472962,Czech Republic,Czech Republic,CZE,India,01-01-2012,
Saint Lucia,13.909444,-60.978893,Saint Lucia,Saint Lucia,LCA,India,01-01-2016,
Saint Lucia,13.909444,-60.978893,Saint Lucia,Saint Lucia,LCA,India,01-01-2015,1
Saint Lucia,13.909444,-60.978893,Saint Lucia,Saint Lucia,LCA,India,01-01-2014,
Saint Lucia,13.909444,-60.978893,Saint Lucia,Saint Lucia,LCA,India,01-01-2013,
Saint Lucia,13.909444,-60.978893,Saint Lucia,Saint Lucia,LCA,India,01-01-2012,
Israel,31.046051,34.851612,Israel,Israel,ISR,India,01-01-2016,6
Israel,31.046051,34.851612,Israel,Israel,ISR,India,01-01-2015,7
Israel,31.046051,34.851612,Israel,Israel,ISR,India,01-01-2014,16
Israel,31.046051,34.851612,Israel,Israel,ISR,India,01-01-2013,9
Israel,31.046051,34.851612,Israel,Israel,ISR,India,01-01-2012,
Kiribati,-3.370417,-168.734039,Kiribati,Kiribati,KIR,India,01-01-2016,
Kiribati,-3.370417,-168.734039,Kiribati,Kiribati,KIR,India,01-01-2015,
Kiribati,-3.370417,-168.734039,Kiribati,Kiribati,KIR,India,01-01-2014,
Kiribati,-3.370417,-168.734039,Kiribati,Kiribati,KIR,India,01-01-2013,
Kiribati,-3.370417,-168.734039,Kiribati,Kiribati,KIR,India,01-01-2012,
Saint Vincent and the Grenadines,12.984305,-61.287228,Saint Vincent and the Grenadines,Saint Vincent and the Grenadines,VCT,India,01-01-2016,
Saint Vincent and the Grenadines,12.984305,-61.287228,Saint Vincent and the Grenadines,Saint Vincent and the Grenadines,VCT,India,01-01-2015,
Saint Vincent and the Grenadines,12.984305,-61.287228,Saint Vincent and the Grenadines,Saint Vincent and the Grenadines,VCT,India,01-01-2014,
Saint Vincent and the Grenadines,12.984305,-61.287228,Saint Vincent and the Grenadines,Saint Vincent and the Grenadines,VCT,India,01-01-2013,
Saint Vincent and the Grenadines,12.984305,-61.287228,Saint Vincent and the Grenadines,Saint Vincent and the Grenadines,VCT,India,01-01-2012,
"Micronesia, Federated States of",7.425554,150.550812,"Micronesia, Federated States of","Micronesia, Federated States of",FSM,India,01-01-2016,
"Micronesia, Federated States of",7.425554,150.550812,"Micronesia, Federated States of","Micronesia, Federated States of",FSM,India,01-01-2015,
"Micronesia, Federated States of",7.425554,150.550812,"Micronesia, Federated States of","Micronesia, Federated States of",FSM,India,01-01-2014,
"Micronesia, Federated States of",7.425554,150.550812,"Micronesia, Federated States of","Micronesia, Federated States of",FSM,India,01-01-2013,
"Micronesia, Federated States of",7.425554,150.550812,"Micronesia, Federated States of","Micronesia, Federated States of",FSM,India,01-01-2012,
Namibia,-22.95764,18.49041,Namibia,Namibia,NAM,India,01-01-2016,149
Namibia,-22.95764,18.49041,Namibia,Namibia,NAM,India,01-01-2015,132
Namibia,-22.95764,18.49041,Namibia,Namibia,NAM,India,01-01-2014,107
Namibia,-22.95764,18.49041,Namibia,Namibia,NAM,India,01-01-2013,91
Namibia,-22.95764,18.49041,Namibia,Namibia,NAM,India,01-01-2012,22
"Congo, Democratic Republic of the",-4.038333,21.758664,"Congo, Democratic Republic of the","Congo, Democratic Republic of the",COD,India,01-01-2016,478
"Congo, Democratic Republic of the",-4.038333,21.758664,"Congo, Democratic Republic of the","Congo, Democratic Republic of the",COD,India,01-01-2015,563
"Congo, Democratic Republic of the",-4.038333,21.758664,"Congo, Democratic Republic of the","Congo, Democratic Republic of the",COD,India,01-01-2014,707
"Congo, Democratic Republic of the",-4.038333,21.758664,"Congo, Democratic Republic of the","Congo, Democratic Republic of the",COD,India,01-01-2013,588
"Congo, Democratic Republic of the",-4.038333,21.758664,"Congo, Democratic Republic of the","Congo, Democratic Republic of the",COD,India,01-01-2012,391
United Kingdom,55.378051,-3.435973,United Kingdom,United Kingdom,GBR,India,01-01-2016,93
United Kingdom,55.378051,-3.435973,United Kingdom,United Kingdom,GBR,India,01-01-2015,103
United Kingdom,55.378051,-3.435973,United Kingdom,United Kingdom,GBR,India,01-01-2014,94
United Kingdom,55.378051,-3.435973,United Kingdom,United Kingdom,GBR,India,01-01-2013,128
United Kingdom,55.378051,-3.435973,United Kingdom,United Kingdom,GBR,India,01-01-2012,86
Lebanon,33.854721,35.862285,Lebanon,Lebanon,LBN,India,01-01-2016,2
Lebanon,33.854721,35.862285,Lebanon,Lebanon,LBN,India,01-01-2015,3
Lebanon,33.854721,35.862285,Lebanon,Lebanon,LBN,India,01-01-2014,1
Lebanon,33.854721,35.862285,Lebanon,Lebanon,LBN,India,01-01-2013,
Lebanon,33.854721,35.862285,Lebanon,Lebanon,LBN,India,01-01-2012,
Indonesia,-0.789275,113.921327,Indonesia,Indonesia,IDN,India,01-01-2016,118
Indonesia,-0.789275,113.921327,Indonesia,Indonesia,IDN,India,01-01-2015,134
Indonesia,-0.789275,113.921327,Indonesia,Indonesia,IDN,India,01-01-2014,131
Indonesia,-0.789275,113.921327,Indonesia,Indonesia,IDN,India,01-01-2013,91
Indonesia,-0.789275,113.921327,Indonesia,Indonesia,IDN,India,01-01-2012,80
France,46.227638,2.213749,France,France,FRA,India,01-01-2016,78
France,46.227638,2.213749,France,France,FRA,India,01-01-2015,116
France,46.227638,2.213749,France,France,FRA,India,01-01-2014,129
France,46.227638,2.213749,France,France,FRA,India,01-01-2013,100
France,46.227638,2.213749,France,France,FRA,India,01-01-2012,66
Lao People's Democratic Republic,19.85627,102.495496,Laos,Lao People's Democratic Republic,LAO,India,01-01-2016,33
Lao People's Democratic Republic,19.85627,102.495496,Laos,Lao People's Democratic Republic,LAO,India,01-01-2015,24
Lao People's Democratic Republic,19.85627,102.495496,Laos,Lao People's Democratic Republic,LAO,India,01-01-2014,30
Lao People's Democratic Republic,19.85627,102.495496,Laos,Lao People's Democratic Republic,LAO,India,01-01-2013,14
Lao People's Democratic Republic,19.85627,102.495496,Laos,Lao People's Democratic Republic,LAO,India,01-01-2012,18
Costa Rica,9.748917,-83.753428,Costa Rica,Costa Rica,CRI,India,01-01-2016,2
Costa Rica,9.748917,-83.753428,Costa Rica,Costa Rica,CRI,India,01-01-2015,
Costa Rica,9.748917,-83.753428,Costa Rica,Costa Rica,CRI,India,01-01-2014,
Costa Rica,9.748917,-83.753428,Costa Rica,Costa Rica,CRI,India,01-01-2013,
Costa Rica,9.748917,-83.753428,Costa Rica,Costa Rica,CRI,India,01-01-2012,
Sri Lanka,7.873054,80.771797,Sri Lanka,Sri Lanka,LKA,India,01-01-2016,1185
Sri Lanka,7.873054,80.771797,Sri Lanka,Sri Lanka,LKA,India,01-01-2015,1612
Sri Lanka,7.873054,80.771797,Sri Lanka,Sri Lanka,LKA,India,01-01-2014,1216
Sri Lanka,7.873054,80.771797,Sri Lanka,Sri Lanka,LKA,India,01-01-2013,991
Sri Lanka,7.873054,80.771797,Sri Lanka,Sri Lanka,LKA,India,01-01-2012,1115
Argentina,-38.416097,-63.616672,Argentina,Argentina,ARG,India,01-01-2016,5
Argentina,-38.416097,-63.616672,Argentina,Argentina,ARG,India,01-01-2015,1
Argentina,-38.416097,-63.616672,Argentina,Argentina,ARG,India,01-01-2014,4
Argentina,-38.416097,-63.616672,Argentina,Argentina,ARG,India,01-01-2013,
Argentina,-38.416097,-63.616672,Argentina,Argentina,ARG,India,01-01-2012,
Benin,9.30769,2.315834,Benin,Benin,BEN,India,01-01-2016,8
Benin,9.30769,2.315834,Benin,Benin,BEN,India,01-01-2015,5
Benin,9.30769,2.315834,Benin,Benin,BEN,India,01-01-2014,4
Benin,9.30769,2.315834,Benin,Benin,BEN,India,01-01-2013,7
Benin,9.30769,2.315834,Benin,Benin,BEN,India,01-01-2012,5
Albania,41.153332,20.168331,Albania,Albania,ALB,India,01-01-2016,2
Albania,41.153332,20.168331,Albania,Albania,ALB,India,01-01-2015,
Albania,41.153332,20.168331,Albania,Albania,ALB,India,01-01-2014,
Albania,41.153332,20.168331,Albania,Albania,ALB,India,01-01-2013,3
Albania,41.153332,20.168331,Albania,Albania,ALB,India,01-01-2012,
Luxembourg,49.815273,6.129583,Luxembourg,Luxembourg,LUX,India,01-01-2016,
Luxembourg,49.815273,6.129583,Luxembourg,Luxembourg,LUX,India,01-01-2015,
Luxembourg,49.815273,6.129583,Luxembourg,Luxembourg,LUX,India,01-01-2014,
Luxembourg,49.815273,6.129583,Luxembourg,Luxembourg,LUX,India,01-01-2013,
Luxembourg,49.815273,6.129583,Luxembourg,Luxembourg,LUX,India,01-01-2012,
Fiji,-16.578193,179.414413,Fiji,Fiji,FJI,India,01-01-2016,57
Fiji,-16.578193,179.414413,Fiji,Fiji,FJI,India,01-01-2015,53
Fiji,-16.578193,179.414413,Fiji,Fiji,FJI,India,01-01-2014,46
Fiji,-16.578193,179.414413,Fiji,Fiji,FJI,India,01-01-2013,38
Fiji,-16.578193,179.414413,Fiji,Fiji,FJI,India,01-01-2012,31
Nicaragua,12.865416,-85.207229,Nicaragua,Nicaragua,NIC,India,01-01-2016,1
Nicaragua,12.865416,-85.207229,Nicaragua,Nicaragua,NIC,India,01-01-2015,3
Nicaragua,12.865416,-85.207229,Nicaragua,Nicaragua,NIC,India,01-01-2014,7
Nicaragua,12.865416,-85.207229,Nicaragua,Nicaragua,NIC,India,01-01-2013,1
Nicaragua,12.865416,-85.207229,Nicaragua,Nicaragua,NIC,India,01-01-2012,
Bhutan,27.514162,90.433601,Bhutan,Bhutan,BTN,India,01-01-2016,2756
Bhutan,27.514162,90.433601,Bhutan,Bhutan,BTN,India,01-01-2015,2473
Bhutan,27.514162,90.433601,Bhutan,Bhutan,BTN,India,01-01-2014,2619
Bhutan,27.514162,90.433601,Bhutan,Bhutan,BTN,India,01-01-2013,2362
Bhutan,27.514162,90.433601,Bhutan,Bhutan,BTN,India,01-01-2012,2274
Canada,56.130366,-106.346771,Canada,Canada,CAN,India,01-01-2016,522
Canada,56.130366,-106.346771,Canada,Canada,CAN,India,01-01-2015,483
Canada,56.130366,-106.346771,Canada,Canada,CAN,India,01-01-2014,535
Canada,56.130366,-106.346771,Canada,Canada,CAN,India,01-01-2013,325
Canada,56.130366,-106.346771,Canada,Canada,CAN,India,01-01-2012,243
Cameroon,7.369722,12.354722,Cameroon,Cameroon,CMR,India,01-01-2016,91
Cameroon,7.369722,12.354722,Cameroon,Cameroon,CMR,India,01-01-2015,67
Cameroon,7.369722,12.354722,Cameroon,Cameroon,CMR,India,01-01-2014,83
Cameroon,7.369722,12.354722,Cameroon,Cameroon,CMR,India,01-01-2013,64
Cameroon,7.369722,12.354722,Cameroon,Cameroon,CMR,India,01-01-2012,39
Mauritius,-20.348404,57.552152,Mauritius,Mauritius,MUS,India,01-01-2016,472
Mauritius,-20.348404,57.552152,Mauritius,Mauritius,MUS,India,01-01-2015,477
Mauritius,-20.348404,57.552152,Mauritius,Mauritius,MUS,India,01-01-2014,503
Mauritius,-20.348404,57.552152,Mauritius,Mauritius,MUS,India,01-01-2013,421
Mauritius,-20.348404,57.552152,Mauritius,Mauritius,MUS,India,01-01-2012,305
Central African Republic,6.611111,20.939444,Central African Republic,Central African Republic,CAF,India,01-01-2016,3
Central African Republic,6.611111,20.939444,Central African Republic,Central African Republic,CAF,India,01-01-2015,14
Central African Republic,6.611111,20.939444,Central African Republic,Central African Republic,CAF,India,01-01-2014,2
Central African Republic,6.611111,20.939444,Central African Republic,Central African Republic,CAF,India,01-01-2013,6
Central African Republic,6.611111,20.939444,Central African Republic,Central African Republic,CAF,India,01-01-2012,7
Algeria,28.033886,1.659626,Algeria,Algeria,DZA,India,01-01-2016,79
Algeria,28.033886,1.659626,Algeria,Algeria,DZA,India,01-01-2015,168
Algeria,28.033886,1.659626,Algeria,Algeria,DZA,India,01-01-2014,
Algeria,28.033886,1.659626,Algeria,Algeria,DZA,India,01-01-2013,1
Algeria,28.033886,1.659626,Algeria,Algeria,DZA,India,01-01-2012,3
Finland,61.92411,25.748151,Finland,Finland,FIN,India,01-01-2016,4
Finland,61.92411,25.748151,Finland,Finland,FIN,India,01-01-2015,2
Finland,61.92411,25.748151,Finland,Finland,FIN,India,01-01-2014,2
Finland,61.92411,25.748151,Finland,Finland,FIN,India,01-01-2013,4
Finland,61.92411,25.748151,Finland,Finland,FIN,India,01-01-2012,3
Bahamas,25.03428,-77.39628,Bahamas,Bahamas,BHM,India,01-01-2016,4
Bahamas,25.03428,-77.39628,Bahamas,Bahamas,BHM,India,01-01-2015,
Bahamas,25.03428,-77.39628,Bahamas,Bahamas,BHM,India,01-01-2014,3
Bahamas,25.03428,-77.39628,Bahamas,Bahamas,BHM,India,01-01-2013,1
Bahamas,25.03428,-77.39628,Bahamas,Bahamas,BHM,India,01-01-2012,2
Uganda,1.373333,32.290275,Uganda,Uganda,UGA,India,01-01-2016,289
Uganda,1.373333,32.290275,Uganda,Uganda,UGA,India,01-01-2015,258
Uganda,1.373333,32.290275,Uganda,Uganda,UGA,India,01-01-2014,293
Uganda,1.373333,32.290275,Uganda,Uganda,UGA,India,01-01-2013,285
Uganda,1.373333,32.290275,Uganda,Uganda,UGA,India,01-01-2012,275
Cayman Islands,19.513469,-80.566956,Cayman Islands,Cayman Islands,CYM,India,01-01-2016,
Cayman Islands,19.513469,-80.566956,Cayman Islands,Cayman Islands,CYM,India,01-01-2015,
Cayman Islands,19.513469,-80.566956,Cayman Islands,Cayman Islands,CYM,India,01-01-2014,
Cayman Islands,19.513469,-80.566956,Cayman Islands,Cayman Islands,CYM,India,01-01-2013,
Cayman Islands,19.513469,-80.566956,Cayman Islands,Cayman Islands,CYM,India,01-01-2012,
Marshall Islands,7.131474,171.184478,Marshall Islands,Marshall Islands,MHL,India,01-01-2016,
Marshall Islands,7.131474,171.184478,Marshall Islands,Marshall Islands,MHL,India,01-01-2015,
Marshall Islands,7.131474,171.184478,Marshall Islands,Marshall Islands,MHL,India,01-01-2014,5
Marshall Islands,7.131474,171.184478,Marshall Islands,Marshall Islands,MHL,India,01-01-2013,
Marshall Islands,7.131474,171.184478,Marshall Islands,Marshall Islands,MHL,India,01-01-2012,
Palau,7.51498,134.58252,Palau,Palau,PLW,India,01-01-2016,
Palau,7.51498,134.58252,Palau,Palau,PLW,India,01-01-2015,
Palau,7.51498,134.58252,Palau,Palau,PLW,India,01-01-2014,
Palau,7.51498,134.58252,Palau,Palau,PLW,India,01-01-2013,
Palau,7.51498,134.58252,Palau,Palau,PLW,India,01-01-2012,
Timor-Leste,-8.874217,125.727539,Timor-Leste,Timor-Leste,TLS,India,01-01-2016,1
Timor-Leste,-8.874217,125.727539,Timor-Leste,Timor-Leste,TLS,India,01-01-2015,
Timor-Leste,-8.874217,125.727539,Timor-Leste,Timor-Leste,TLS,India,01-01-2014,5
Timor-Leste,-8.874217,125.727539,Timor-Leste,Timor-Leste,TLS,India,01-01-2013,3
Timor-Leste,-8.874217,125.727539,Timor-Leste,Timor-Leste,TLS,India,01-01-2012,7
Senegal,14.497401,-14.452362,Senegal,Senegal,SEN,India,01-01-2016,
Senegal,14.497401,-14.452362,Senegal,Senegal,SEN,India,01-01-2015,
Senegal,14.497401,-14.452362,Senegal,Senegal,SEN,India,01-01-2014,2
Senegal,14.497401,-14.452362,Senegal,Senegal,SEN,India,01-01-2013,1
Senegal,14.497401,-14.452362,Senegal,Senegal,SEN,India,01-01-2012,1
Zambia,-13.133897,27.849332,Zambia,Zambia,ZMB,India,01-01-2016,343
Zambia,-13.133897,27.849332,Zambia,Zambia,ZMB,India,01-01-2015,239
Zambia,-13.133897,27.849332,Zambia,Zambia,ZMB,India,01-01-2014,201
Zambia,-13.133897,27.849332,Zambia,Zambia,ZMB,India,01-01-2013,140
Zambia,-13.133897,27.849332,Zambia,Zambia,ZMB,India,01-01-2012,29
Togo,8.619543,0.824782,Togo,Togo,TGO,India,01-01-2016,5
Togo,8.619543,0.824782,Togo,Togo,TGO,India,01-01-2015,8
Togo,8.619543,0.824782,Togo,Togo,TGO,India,01-01-2014,4
Togo,8.619543,0.824782,Togo,Togo,TGO,India,01-01-2013,2
Togo,8.619543,0.824782,Togo,Togo,TGO,India,01-01-2012,2
Mauritania,21.00789,-10.940835,Mauritania,Mauritania,MRT,India,01-01-2016,6
Mauritania,21.00789,-10.940835,Mauritania,Mauritania,MRT,India,01-01-2015,4
Mauritania,21.00789,-10.940835,Mauritania,Mauritania,MRT,India,01-01-2014,12
Mauritania,21.00789,-10.940835,Mauritania,Mauritania,MRT,India,01-01-2013,5
Mauritania,21.00789,-10.940835,Mauritania,Mauritania,MRT,India,01-01-2012,3
Pakistan,30.375321,69.345116,Pakistan,Pakistan,PAK,India,01-01-2016,39
Pakistan,30.375321,69.345116,Pakistan,Pakistan,PAK,India,01-01-2015,35
Pakistan,30.375321,69.345116,Pakistan,Pakistan,PAK,India,01-01-2014,34
Pakistan,30.375321,69.345116,Pakistan,Pakistan,PAK,India,01-01-2013,21
Pakistan,30.375321,69.345116,Pakistan,Pakistan,PAK,India,01-01-2012,11
Armenia,40.069099,45.038189,Armenia,Armenia,ARM,India,01-01-2016,1
Armenia,40.069099,45.038189,Armenia,Armenia,ARM,India,01-01-2015,
Armenia,40.069099,45.038189,Armenia,Armenia,ARM,India,01-01-2014,1
Armenia,40.069099,45.038189,Armenia,Armenia,ARM,India,01-01-2013,4
Armenia,40.069099,45.038189,Armenia,Armenia,ARM,India,01-01-2012,5
British Virgin Islands,18.420695,-64.639968,British Virgin Islands,British Virgin Islands,VGB,India,01-01-2016,
British Virgin Islands,18.420695,-64.639968,British Virgin Islands,British Virgin Islands,VGB,India,01-01-2015,
British Virgin Islands,18.420695,-64.639968,British Virgin Islands,British Virgin Islands,VGB,India,01-01-2014,
British Virgin Islands,18.420695,-64.639968,British Virgin Islands,British Virgin Islands,VGB,India,01-01-2013,
British Virgin Islands,18.420695,-64.639968,British Virgin Islands,British Virgin Islands,VGB,India,01-01-2012,
Trinidad and Tobago,10.691803,-61.222503,Trinidad and Tobago,Trinidad and Tobago,TTO,India,01-01-2016,2
Trinidad and Tobago,10.691803,-61.222503,Trinidad and Tobago,Trinidad and Tobago,TTO,India,01-01-2015,3
Trinidad and Tobago,10.691803,-61.222503,Trinidad and Tobago,Trinidad and Tobago,TTO,India,01-01-2014,2
Trinidad and Tobago,10.691803,-61.222503,Trinidad and Tobago,Trinidad and Tobago,TTO,India,01-01-2013,4
Trinidad and Tobago,10.691803,-61.222503,Trinidad and Tobago,Trinidad and Tobago,TTO,India,01-01-2012,1
Equatorial Guinea,1.650801,10.267895,Equatorial Guinea,Equatorial Guinea,GNQ,India,01-01-2016,
Equatorial Guinea,1.650801,10.267895,Equatorial Guinea,Equatorial Guinea,GNQ,India,01-01-2015,1
Equatorial Guinea,1.650801,10.267895,Equatorial Guinea,Equatorial Guinea,GNQ,India,01-01-2014,
Equatorial Guinea,1.650801,10.267895,Equatorial Guinea,Equatorial Guinea,GNQ,India,01-01-2013,
Equatorial Guinea,1.650801,10.267895,Equatorial Guinea,Equatorial Guinea,GNQ,India,01-01-2012,
Germany,51.165691,10.451526,Germany,Germany,DEU,India,01-01-2016,32
Germany,51.165691,10.451526,Germany,Germany,DEU,India,01-01-2015,40
Germany,51.165691,10.451526,Germany,Germany,DEU,India,01-01-2014,38
Germany,51.165691,10.451526,Germany,Germany,DEU,India,01-01-2013,64
Germany,51.165691,10.451526,Germany,Germany,DEU,India,01-01-2012,18
India,20.593684,78.96288,India,India,IND,India,01-01-2016,
India,20.593684,78.96288,India,India,IND,India,01-01-2015,
India,20.593684,78.96288,India,India,IND,India,01-01-2014,
India,20.593684,78.96288,India,India,IND,India,01-01-2013,
India,20.593684,78.96288,India,India,IND,India,01-01-2012,
Burma,21.913965,95.956223,Burma,Burma,MMR,India,01-01-2016,267
Burma,21.913965,95.956223,Burma,Burma,MMR,India,01-01-2015,293
Burma,21.913965,95.956223,Burma,Burma,MMR,India,01-01-2014,280
Burma,21.913965,95.956223,Burma,Burma,MMR,India,01-01-2013,189
Burma,21.913965,95.956223,Burma,Burma,MMR,India,01-01-2012,153
Cyprus,35.126413,33.429859,Cyprus,Cyprus,CYP,India,01-01-2016,
Cyprus,35.126413,33.429859,Cyprus,Cyprus,CYP,India,01-01-2015,
Cyprus,35.126413,33.429859,Cyprus,Cyprus,CYP,India,01-01-2014,
Cyprus,35.126413,33.429859,Cyprus,Cyprus,CYP,India,01-01-2013,
Cyprus,35.126413,33.429859,Cyprus,Cyprus,CYP,India,01-01-2012,
Madagascar,-18.766947,46.869107,Madagascar,Madagascar,MDG,India,01-01-2016,28
Madagascar,-18.766947,46.869107,Madagascar,Madagascar,MDG,India,01-01-2015,14
Madagascar,-18.766947,46.869107,Madagascar,Madagascar,MDG,India,01-01-2014,10
Madagascar,-18.766947,46.869107,Madagascar,Madagascar,MDG,India,01-01-2013,6
Madagascar,-18.766947,46.869107,Madagascar,Madagascar,MDG,India,01-01-2012,2
Guinea-Bissau,11.803749,-15.180413,Guinea-Bissau,Guinea-Bissau,GNB,India,01-01-2016,1
Guinea-Bissau,11.803749,-15.180413,Guinea-Bissau,Guinea-Bissau,GNB,India,01-01-2015,8
Guinea-Bissau,11.803749,-15.180413,Guinea-Bissau,Guinea-Bissau,GNB,India,01-01-2014,12
Guinea-Bissau,11.803749,-15.180413,Guinea-Bissau,Guinea-Bissau,GNB,India,01-01-2013,3
Guinea-Bissau,11.803749,-15.180413,Guinea-Bissau,Guinea-Bissau,GNB,India,01-01-2012,
Mozambique,-18.665695,35.529562,Mozambique,Mozambique,MOZ,India,01-01-2016,117
Mozambique,-18.665695,35.529562,Mozambique,Mozambique,MOZ,India,01-01-2015,124
Mozambique,-18.665695,35.529562,Mozambique,Mozambique,MOZ,India,01-01-2014,80
Mozambique,-18.665695,35.529562,Mozambique,Mozambique,MOZ,India,01-01-2013,62
Mozambique,-18.665695,35.529562,Mozambique,Mozambique,MOZ,India,01-01-2012,38
Afghanistan,,,,Afghanistan,AFG,India,01-01-2016,4404
Afghanistan,,,,Afghanistan,AFG,India,01-01-2015,3723
Afghanistan,,,,Afghanistan,AFG,India,01-01-2014,3016
Afghanistan,,,,Afghanistan,AFG,India,01-01-2013,2330
Afghanistan,,,,Afghanistan,AFG,India,01-01-2012,1599
Angola,-11.202692,17.873887,Angola,Angola,AGO,India,01-01-2016,321
Angola,-11.202692,17.873887,Angola,Angola,AGO,India,01-01-2015,74
Angola,-11.202692,17.873887,Angola,Angola,AGO,India,01-01-2014,42
Angola,-11.202692,17.873887,Angola,Angola,AGO,India,01-01-2013,41
Angola,-11.202692,17.873887,Angola,Angola,AGO,India,01-01-2012,18
Slovakia,48.669026,19.699024,Slovakia,Slovakia,SVK,India,01-01-2016,2
Slovakia,48.669026,19.699024,Slovakia,Slovakia,SVK,India,01-01-2015,2
Slovakia,48.669026,19.699024,Slovakia,Slovakia,SVK,India,01-01-2014,
Slovakia,48.669026,19.699024,Slovakia,Slovakia,SVK,India,01-01-2013,
Slovakia,48.669026,19.699024,Slovakia,Slovakia,SVK,India,01-01-2012,3
Malaysia,4.210484,101.975766,Malaysia,Malaysia,MYS,India,01-01-2016,1896
Malaysia,4.210484,101.975766,Malaysia,Malaysia,MYS,India,01-01-2015,1920
Malaysia,4.210484,101.975766,Malaysia,Malaysia,MYS,India,01-01-2014,2264
Malaysia,4.210484,101.975766,Malaysia,Malaysia,MYS,India,01-01-2013,1874
Malaysia,4.210484,101.975766,Malaysia,Malaysia,MYS,India,01-01-2012,1726
Ecuador,-1.831239,-78.183406,Ecuador,Ecuador,ECU,India,01-01-2016,3
Ecuador,-1.831239,-78.183406,Ecuador,Ecuador,ECU,India,01-01-2015,
Ecuador,-1.831239,-78.183406,Ecuador,Ecuador,ECU,India,01-01-2014,
Ecuador,-1.831239,-78.183406,Ecuador,Ecuador,ECU,India,01-01-2013,
Ecuador,-1.831239,-78.183406,Ecuador,Ecuador,ECU,India,01-01-2012,1
Bulgaria,42.733883,25.48583,Bulgaria,Bulgaria,BGR,India,01-01-2016,128
Bulgaria,42.733883,25.48583,Bulgaria,Bulgaria,BGR,India,01-01-2015,6
Bulgaria,42.733883,25.48583,Bulgaria,Bulgaria,BGR,India,01-01-2014,3
Bulgaria,42.733883,25.48583,Bulgaria,Bulgaria,BGR,India,01-01-2013,1
Bulgaria,42.733883,25.48583,Bulgaria,Bulgaria,BGR,India,01-01-2012,
Yemen,15.552727,48.516388,Yemen,Yemen,YEM,India,01-01-2016,1236
Yemen,15.552727,48.516388,Yemen,Yemen,YEM,India,01-01-2015,902
Yemen,15.552727,48.516388,Yemen,Yemen,YEM,India,01-01-2014,719
Yemen,15.552727,48.516388,Yemen,Yemen,YEM,India,01-01-2013,529
Yemen,15.552727,48.516388,Yemen,Yemen,YEM,India,01-01-2012,431
Saudi Arabia,23.885942,45.079162,Saudi Arabia,Saudi Arabia,SAU,India,01-01-2016,427
Saudi Arabia,23.885942,45.079162,Saudi Arabia,Saudi Arabia,SAU,India,01-01-2015,360
Saudi Arabia,23.885942,45.079162,Saudi Arabia,Saudi Arabia,SAU,India,01-01-2014,294
Saudi Arabia,23.885942,45.079162,Saudi Arabia,Saudi Arabia,SAU,India,01-01-2013,319
Saudi Arabia,23.885942,45.079162,Saudi Arabia,Saudi Arabia,SAU,India,01-01-2012,290
Slovenia,46.151241,14.995463,Slovenia,Slovenia,SVN,India,01-01-2016,
Slovenia,46.151241,14.995463,Slovenia,Slovenia,SVN,India,01-01-2015,1
Slovenia,46.151241,14.995463,Slovenia,Slovenia,SVN,India,01-01-2014,1
Slovenia,46.151241,14.995463,Slovenia,Slovenia,SVN,India,01-01-2013,3
Slovenia,46.151241,14.995463,Slovenia,Slovenia,SVN,India,01-01-2012,
Djibouti,11.825138,42.590275,Djibouti,Djibouti,DJI,India,01-01-2016,135
Djibouti,11.825138,42.590275,Djibouti,Djibouti,DJI,India,01-01-2015,119
Djibouti,11.825138,42.590275,Djibouti,Djibouti,DJI,India,01-01-2014,111
Djibouti,11.825138,42.590275,Djibouti,Djibouti,DJI,India,01-01-2013,63
Djibouti,11.825138,42.590275,Djibouti,Djibouti,DJI,India,01-01-2012,33
Australia,-25.274398,133.775136,Australia,Australia,AUS,India,01-01-2016,70
Australia,-25.274398,133.775136,Australia,Australia,AUS,India,01-01-2015,74
Australia,-25.274398,133.775136,Australia,Australia,AUS,India,01-01-2014,67
Australia,-25.274398,133.775136,Australia,Australia,AUS,India,01-01-2013,75
Australia,-25.274398,133.775136,Australia,Australia,AUS,India,01-01-2012,63
Sudan,12.862807,30.217636,Sudan,Sudan,SDN,India,01-01-2016,2059
Sudan,12.862807,30.217636,Sudan,Sudan,SDN,India,01-01-2015,2112
Sudan,12.862807,30.217636,Sudan,Sudan,SDN,India,01-01-2014,1903
Sudan,12.862807,30.217636,Sudan,Sudan,SDN,India,01-01-2013,1649
Sudan,12.862807,30.217636,Sudan,Sudan,SDN,India,01-01-2012,1369
Poland,51.919438,19.145136,Poland,Poland,POL,India,01-01-2016,6
Poland,51.919438,19.145136,Poland,Poland,POL,India,01-01-2015,10
Poland,51.919438,19.145136,Poland,Poland,POL,India,01-01-2014,15
Poland,51.919438,19.145136,Poland,Poland,POL,India,01-01-2013,11
Poland,51.919438,19.145136,Poland,Poland,POL,India,01-01-2012,8
Syria,34.802075,38.996815,Syria,Syria,SYR,India,01-01-2016,65
Syria,34.802075,38.996815,Syria,Syria,SYR,India,01-01-2015,68
Syria,34.802075,38.996815,Syria,Syria,SYR,India,01-01-2014,48
Syria,34.802075,38.996815,Syria,Syria,SYR,India,01-01-2013,27
Syria,34.802075,38.996815,Syria,Syria,SYR,India,01-01-2012,23
Guinea,9.945587,-9.696645,Guinea,Guinea,GIN,India,01-01-2016,12
Guinea,9.945587,-9.696645,Guinea,Guinea,GIN,India,01-01-2015,18
Guinea,9.945587,-9.696645,Guinea,Guinea,GIN,India,01-01-2014,10
Guinea,9.945587,-9.696645,Guinea,Guinea,GIN,India,01-01-2013,6
Guinea,9.945587,-9.696645,Guinea,Guinea,GIN,India,01-01-2012,1
Antigua and Barbuda,17.060816,-61.796428,Antigua and Barbuda,Antigua and Barbuda,ATG,India,01-01-2016,1
Antigua and Barbuda,17.060816,-61.796428,Antigua and Barbuda,Antigua and Barbuda,ATG,India,01-01-2015,1
Antigua and Barbuda,17.060816,-61.796428,Antigua and Barbuda,Antigua and Barbuda,ATG,India,01-01-2014,
Antigua and Barbuda,17.060816,-61.796428,Antigua and Barbuda,Antigua and Barbuda,ATG,India,01-01-2013,
Antigua and Barbuda,17.060816,-61.796428,Antigua and Barbuda,Antigua and Barbuda,ATG,India,01-01-2012,
Ireland,53.41291,-8.24389,Ireland,Ireland,IRL,India,01-01-2016,12
Ireland,53.41291,-8.24389,Ireland,Ireland,IRL,India,01-01-2015,5
Ireland,53.41291,-8.24389,Ireland,Ireland,IRL,India,01-01-2014,5
Ireland,53.41291,-8.24389,Ireland,Ireland,IRL,India,01-01-2013,4
Ireland,53.41291,-8.24389,Ireland,Ireland,IRL,India,01-01-2012,7
Azerbaijan,40.143105,47.576927,Azerbaijan,Azerbaijan,AZE,India,01-01-2016,
Azerbaijan,40.143105,47.576927,Azerbaijan,Azerbaijan,AZE,India,01-01-2015,
Azerbaijan,40.143105,47.576927,Azerbaijan,Azerbaijan,AZE,India,01-01-2014,2
Azerbaijan,40.143105,47.576927,Azerbaijan,Azerbaijan,AZE,India,01-01-2013,1
Azerbaijan,40.143105,47.576927,Azerbaijan,Azerbaijan,AZE,India,01-01-2012,
Estonia,58.595272,25.013607,Estonia,Estonia,EST,India,01-01-2016,
Estonia,58.595272,25.013607,Estonia,Estonia,EST,India,01-01-2015,6
Estonia,58.595272,25.013607,Estonia,Estonia,EST,India,01-01-2014,
Estonia,58.595272,25.013607,Estonia,Estonia,EST,India,01-01-2013,
Estonia,58.595272,25.013607,Estonia,Estonia,EST,India,01-01-2012,2
Paraguay,-23.442503,-58.443832,Paraguay,Paraguay,PRY,India,01-01-2016,
Paraguay,-23.442503,-58.443832,Paraguay,Paraguay,PRY,India,01-01-2015,1
Paraguay,-23.442503,-58.443832,Paraguay,Paraguay,PRY,India,01-01-2014,1
Paraguay,-23.442503,-58.443832,Paraguay,Paraguay,PRY,India,01-01-2013,1
Paraguay,-23.442503,-58.443832,Paraguay,Paraguay,PRY,India,01-01-2012,
Kenya,-0.023559,37.906193,Kenya,Kenya,KEN,India,01-01-2016,457
Kenya,-0.023559,37.906193,Kenya,Kenya,KEN,India,01-01-2015,481
Kenya,-0.023559,37.906193,Kenya,Kenya,KEN,India,01-01-2014,472
Kenya,-0.023559,37.906193,Kenya,Kenya,KEN,India,01-01-2013,435
Kenya,-0.023559,37.906193,Kenya,Kenya,KEN,India,01-01-2012,491
Egypt,26.820553,30.802498,Egypt,Egypt,EGY,India,01-01-2016,109
Egypt,26.820553,30.802498,Egypt,Egypt,EGY,India,01-01-2015,28
Egypt,26.820553,30.802498,Egypt,Egypt,EGY,India,01-01-2014,23
Egypt,26.820553,30.802498,Egypt,Egypt,EGY,India,01-01-2013,34
Egypt,26.820553,30.802498,Egypt,Egypt,EGY,India,01-01-2012,14
Zimbabwe,-19.015438,29.154857,Zimbabwe,Zimbabwe,ZWE,India,01-01-2016,96
Zimbabwe,-19.015438,29.154857,Zimbabwe,Zimbabwe,ZWE,India,01-01-2015,109
Zimbabwe,-19.015438,29.154857,Zimbabwe,Zimbabwe,ZWE,India,01-01-2014,69
Zimbabwe,-19.015438,29.154857,Zimbabwe,Zimbabwe,ZWE,India,01-01-2013,78
Zimbabwe,-19.015438,29.154857,Zimbabwe,Zimbabwe,ZWE,India,01-01-2012,53
Guyana,4.860416,-58.93018,Guyana,Guyana,GUY,India,01-01-2016,6
Guyana,4.860416,-58.93018,Guyana,Guyana,GUY,India,01-01-2015,17
Guyana,4.860416,-58.93018,Guyana,Guyana,GUY,India,01-01-2014,18
Guyana,4.860416,-58.93018,Guyana,Guyana,GUY,India,01-01-2013,8
Guyana,4.860416,-58.93018,Guyana,Guyana,GUY,India,01-01-2012,1
Niger,17.607789,8.081666,Niger,Niger,NER,India,01-01-2016,28
Niger,17.607789,8.081666,Niger,Niger,NER,India,01-01-2015,10
Niger,17.607789,8.081666,Niger,Niger,NER,India,01-01-2014,30
Niger,17.607789,8.081666,Niger,Niger,NER,India,01-01-2013,6
Niger,17.607789,8.081666,Niger,Niger,NER,India,01-01-2012,1
Guatemala,15.783471,-90.230759,Guatemala,Guatemala,GTM,India,01-01-2016,
Guatemala,15.783471,-90.230759,Guatemala,Guatemala,GTM,India,01-01-2015,
Guatemala,15.783471,-90.230759,Guatemala,Guatemala,GTM,India,01-01-2014,
Guatemala,15.783471,-90.230759,Guatemala,Guatemala,GTM,India,01-01-2013,
Guatemala,15.783471,-90.230759,Guatemala,Guatemala,GTM,India,01-01-2012,
Liechtenstein,47.166,9.555373,Liechtenstein,Liechtenstein,LIE,India,01-01-2016,
Liechtenstein,47.166,9.555373,Liechtenstein,Liechtenstein,LIE,India,01-01-2015,
Liechtenstein,47.166,9.555373,Liechtenstein,Liechtenstein,LIE,India,01-01-2014,
Liechtenstein,47.166,9.555373,Liechtenstein,Liechtenstein,LIE,India,01-01-2013,
Liechtenstein,47.166,9.555373,Liechtenstein,Liechtenstein,LIE,India,01-01-2012,
Malta,35.937496,14.375416,Malta,Malta,MLT,India,01-01-2016,1
Malta,35.937496,14.375416,Malta,Malta,MLT,India,01-01-2015,1
Malta,35.937496,14.375416,Malta,Malta,MLT,India,01-01-2014,1
Malta,35.937496,14.375416,Malta,Malta,MLT,India,01-01-2013,1
Malta,35.937496,14.375416,Malta,Malta,MLT,India,01-01-2012,12
Uzbekistan,41.377491,64.585262,Uzbekistan,Uzbekistan,UZB,India,01-01-2016,64
Uzbekistan,41.377491,64.585262,Uzbekistan,Uzbekistan,UZB,India,01-01-2015,50
Uzbekistan,41.377491,64.585262,Uzbekistan,Uzbekistan,UZB,India,01-01-2014,35
Uzbekistan,41.377491,64.585262,Uzbekistan,Uzbekistan,UZB,India,01-01-2013,31
Uzbekistan,41.377491,64.585262,Uzbekistan,Uzbekistan,UZB,India,01-01-2012,27
Swaziland,-26.522503,31.465866,Swaziland,Swaziland,SWZ,India,01-01-2016,8
Swaziland,-26.522503,31.465866,Swaziland,Swaziland,SWZ,India,01-01-2015,9
Swaziland,-26.522503,31.465866,Swaziland,Swaziland,SWZ,India,01-01-2014,9
Swaziland,-26.522503,31.465866,Swaziland,Swaziland,SWZ,India,01-01-2013,4
Swaziland,-26.522503,31.465866,Swaziland,Swaziland,SWZ,India,01-01-2012,3
Belize,17.189877,-88.49765,Belize,Belize,BLZ,India,01-01-2016,1
Belize,17.189877,-88.49765,Belize,Belize,BLZ,India,01-01-2015,2
Belize,17.189877,-88.49765,Belize,Belize,BLZ,India,01-01-2014,
Belize,17.189877,-88.49765,Belize,Belize,BLZ,India,01-01-2013,1
Belize,17.189877,-88.49765,Belize,Belize,BLZ,India,01-01-2012,
Colombia,4.570868,-74.297333,Colombia,Colombia,COL,India,01-01-2016,5
Colombia,4.570868,-74.297333,Colombia,Colombia,COL,India,01-01-2015,11
Colombia,4.570868,-74.297333,Colombia,Colombia,COL,India,01-01-2014,3
Colombia,4.570868,-74.297333,Colombia,Colombia,COL,India,01-01-2013,
Colombia,4.570868,-74.297333,Colombia,Colombia,COL,India,01-01-2012,4
Niue,-19.054445,-169.867233,Niue,Niue,NIU,India,01-01-2016,
Niue,-19.054445,-169.867233,Niue,Niue,NIU,India,01-01-2015,
Niue,-19.054445,-169.867233,Niue,Niue,NIU,India,01-01-2014,
Niue,-19.054445,-169.867233,Niue,Niue,NIU,India,01-01-2013,
Niue,-19.054445,-169.867233,Niue,Niue,NIU,India,01-01-2012,
Greece,39.074208,21.824312,Greece,Greece,GRC,India,01-01-2016,2
Greece,39.074208,21.824312,Greece,Greece,GRC,India,01-01-2015,2
Greece,39.074208,21.824312,Greece,Greece,GRC,India,01-01-2014,2
Greece,39.074208,21.824312,Greece,Greece,GRC,India,01-01-2013,3
Greece,39.074208,21.824312,Greece,Greece,GRC,India,01-01-2012,
Cook Islands,-21.236736,-159.777671,Cook Islands,Cook Islands,COK,India,01-01-2016,
Cook Islands,-21.236736,-159.777671,Cook Islands,Cook Islands,COK,India,01-01-2015,
Cook Islands,-21.236736,-159.777671,Cook Islands,Cook Islands,COK,India,01-01-2014,
Cook Islands,-21.236736,-159.777671,Cook Islands,Cook Islands,COK,India,01-01-2013,
Cook Islands,-21.236736,-159.777671,Cook Islands,Cook Islands,COK,India,01-01-2012,
Montenegro,42.708678,19.37439,Montenegro,Montenegro,MNE,India,01-01-2016,1
Montenegro,42.708678,19.37439,Montenegro,Montenegro,MNE,India,01-01-2015,
Montenegro,42.708678,19.37439,Montenegro,Montenegro,MNE,India,01-01-2014,
Montenegro,42.708678,19.37439,Montenegro,Montenegro,MNE,India,01-01-2013,
Montenegro,42.708678,19.37439,Montenegro,Montenegro,MNE,India,01-01-2012,
Denmark,56.26392,9.501785,Denmark,Denmark,DNK,India,01-01-2016,2
Denmark,56.26392,9.501785,Denmark,Denmark,DNK,India,01-01-2015,3
Denmark,56.26392,9.501785,Denmark,Denmark,DNK,India,01-01-2014,1
Denmark,56.26392,9.501785,Denmark,Denmark,DNK,India,01-01-2013,4
Denmark,56.26392,9.501785,Denmark,Denmark,DNK,India,01-01-2012,4
Lesotho,-29.609988,28.233608,Lesotho,Lesotho,LSO,India,01-01-2016,57
Lesotho,-29.609988,28.233608,Lesotho,Lesotho,LSO,India,01-01-2015,43
Lesotho,-29.609988,28.233608,Lesotho,Lesotho,LSO,India,01-01-2014,20
Lesotho,-29.609988,28.233608,Lesotho,Lesotho,LSO,India,01-01-2013,15
Lesotho,-29.609988,28.233608,Lesotho,Lesotho,LSO,India,01-01-2012,10
Viet Nam,14.058324,108.277199,Vietnam,Viet Nam,VNM,India,01-01-2016,169
Viet Nam,14.058324,108.277199,Vietnam,Viet Nam,VNM,India,01-01-2015,146
Viet Nam,14.058324,108.277199,Vietnam,Viet Nam,VNM,India,01-01-2014,135
Viet Nam,14.058324,108.277199,Vietnam,Viet Nam,VNM,India,01-01-2013,99
Viet Nam,14.058324,108.277199,Vietnam,Viet Nam,VNM,India,01-01-2012,116
Spain,40.463667,-3.74922,Spain,Spain,ESP,India,01-01-2016,17
Spain,40.463667,-3.74922,Spain,Spain,ESP,India,01-01-2015,14
Spain,40.463667,-3.74922,Spain,Spain,ESP,India,01-01-2014,26
Spain,40.463667,-3.74922,Spain,Spain,ESP,India,01-01-2013,24
Spain,40.463667,-3.74922,Spain,Spain,ESP,India,01-01-2012,14
Tunisia,33.886917,9.537499,Tunisia,Tunisia,TUN,India,01-01-2016,5
Tunisia,33.886917,9.537499,Tunisia,Tunisia,TUN,India,01-01-2015,1
Tunisia,33.886917,9.537499,Tunisia,Tunisia,TUN,India,01-01-2014,1
Tunisia,33.886917,9.537499,Tunisia,Tunisia,TUN,India,01-01-2013,
Tunisia,33.886917,9.537499,Tunisia,Tunisia,TUN,India,01-01-2012,1
China,35.86166,104.195397,China,China,CHN,India,01-01-2016,191
China,35.86166,104.195397,China,China,CHN,India,01-01-2015,294
China,35.86166,104.195397,China,China,CHN,India,01-01-2014,444
China,35.86166,104.195397,China,China,CHN,India,01-01-2013,694
China,35.86166,104.195397,China,China,CHN,India,01-01-2012,682
Burkina Faso,12.238333,-1.561593,Burkina Faso,Burkina Faso,BFA,India,01-01-2016,3
Burkina Faso,12.238333,-1.561593,Burkina Faso,Burkina Faso,BFA,India,01-01-2015,3
Burkina Faso,12.238333,-1.561593,Burkina Faso,Burkina Faso,BFA,India,01-01-2014,3
Burkina Faso,12.238333,-1.561593,Burkina Faso,Burkina Faso,BFA,India,01-01-2013,
Burkina Faso,12.238333,-1.561593,Burkina Faso,Burkina Faso,BFA,India,01-01-2012,
Kazakhstan,48.019573,66.923684,Kazakhstan,Kazakhstan,KAZ,India,01-01-2016,12
Kazakhstan,48.019573,66.923684,Kazakhstan,Kazakhstan,KAZ,India,01-01-2015,30
Kazakhstan,48.019573,66.923684,Kazakhstan,Kazakhstan,KAZ,India,01-01-2014,26
Kazakhstan,48.019573,66.923684,Kazakhstan,Kazakhstan,KAZ,India,01-01-2013,25
Kazakhstan,48.019573,66.923684,Kazakhstan,Kazakhstan,KAZ,India,01-01-2012,27
Uruguay,-32.522779,-55.765835,Uruguay,Uruguay,URY,India,01-01-2016,
Uruguay,-32.522779,-55.765835,Uruguay,Uruguay,URY,India,01-01-2015,
Uruguay,-32.522779,-55.765835,Uruguay,Uruguay,URY,India,01-01-2014,
Uruguay,-32.522779,-55.765835,Uruguay,Uruguay,URY,India,01-01-2013,
Uruguay,-32.522779,-55.765835,Uruguay,Uruguay,URY,India,01-01-2012,
Latvia,56.879635,24.603189,Latvia,Latvia,LVA,India,01-01-2016,1
Latvia,56.879635,24.603189,Latvia,Latvia,LVA,India,01-01-2015,
Latvia,56.879635,24.603189,Latvia,Latvia,LVA,India,01-01-2014,1
Latvia,56.879635,24.603189,Latvia,Latvia,LVA,India,01-01-2013,5
Latvia,56.879635,24.603189,Latvia,Latvia,LVA,India,01-01-2012,
Panama,8.537981,-80.782127,Panama,Panama,PAN,India,01-01-2016,
Panama,8.537981,-80.782127,Panama,Panama,PAN,India,01-01-2015,
Panama,8.537981,-80.782127,Panama,Panama,PAN,India,01-01-2014,
Panama,8.537981,-80.782127,Panama,Panama,PAN,India,01-01-2013,1
Panama,8.537981,-80.782127,Panama,Panama,PAN,India,01-01-2012,
Libya,26.3351,17.228331,Libya,Libya,LBY,India,01-01-2016,285
Libya,26.3351,17.228331,Libya,Libya,LBY,India,01-01-2015,240
Libya,26.3351,17.228331,Libya,Libya,LBY,India,01-01-2014,132
Libya,26.3351,17.228331,Libya,Libya,LBY,India,01-01-2013,26
Libya,26.3351,17.228331,Libya,Libya,LBY,India,01-01-2012,12
Liberia,6.428055,-9.429499,Liberia,Liberia,LBR,India,01-01-2016,13
Liberia,6.428055,-9.429499,Liberia,Liberia,LBR,India,01-01-2015,25
Liberia,6.428055,-9.429499,Liberia,Liberia,LBR,India,01-01-2014,14
Liberia,6.428055,-9.429499,Liberia,Liberia,LBR,India,01-01-2013,4
Liberia,6.428055,-9.429499,Liberia,Liberia,LBR,India,01-01-2012,2
Belgium,50.503887,4.469936,Belgium,Belgium,BEL,India,01-01-2016,4
Belgium,50.503887,4.469936,Belgium,Belgium,BEL,India,01-01-2015,11
Belgium,50.503887,4.469936,Belgium,Belgium,BEL,India,01-01-2014,13
Belgium,50.503887,4.469936,Belgium,Belgium,BEL,India,01-01-2013,10
Belgium,50.503887,4.469936,Belgium,Belgium,BEL,India,01-01-2012,3
Lithuania,55.169438,23.881275,Lithuania,Lithuania,LTU,India,01-01-2016,
Lithuania,55.169438,23.881275,Lithuania,Lithuania,LTU,India,01-01-2015,3
Lithuania,55.169438,23.881275,Lithuania,Lithuania,LTU,India,01-01-2014,
Lithuania,55.169438,23.881275,Lithuania,Lithuania,LTU,India,01-01-2013,1
Lithuania,55.169438,23.881275,Lithuania,Lithuania,LTU,India,01-01-2012,
South Africa,-30.559482,22.937506,South Africa,South Africa,ZAF,India,01-01-2016,349
South Africa,-30.559482,22.937506,South Africa,South Africa,ZAF,India,01-01-2015,265
South Africa,-30.559482,22.937506,South Africa,South Africa,ZAF,India,01-01-2014,351
South Africa,-30.559482,22.937506,South Africa,South Africa,ZAF,India,01-01-2013,208
South Africa,-30.559482,22.937506,South Africa,South Africa,ZAF,India,01-01-2012,109
Oman,21.512583,55.923255,Oman,Oman,OMN,India,01-01-2016,338
Oman,21.512583,55.923255,Oman,Oman,OMN,India,01-01-2015,293
Oman,21.512583,55.923255,Oman,Oman,OMN,India,01-01-2014,182
Oman,21.512583,55.923255,Oman,Oman,OMN,India,01-01-2013,225
Oman,21.512583,55.923255,Oman,Oman,OMN,India,01-01-2012,232
Serbia,44.016521,21.005859,Serbia,Serbia,SRB,India,01-01-2016,
Serbia,44.016521,21.005859,Serbia,Serbia,SRB,India,01-01-2015,
Serbia,44.016521,21.005859,Serbia,Serbia,SRB,India,01-01-2014,
Serbia,44.016521,21.005859,Serbia,Serbia,SRB,India,01-01-2013,
Serbia,44.016521,21.005859,Serbia,Serbia,SRB,India,01-01-2012,4
Gabon,-0.803689,11.609444,Gabon,Gabon,GAB,India,01-01-2016,14
Gabon,-0.803689,11.609444,Gabon,Gabon,GAB,India,01-01-2015,17
Gabon,-0.803689,11.609444,Gabon,Gabon,GAB,India,01-01-2014,13
Gabon,-0.803689,11.609444,Gabon,Gabon,GAB,India,01-01-2013,15
Gabon,-0.803689,11.609444,Gabon,Gabon,GAB,India,01-01-2012,3
Cote d'Ivoire,33.93911,67.709953,Cote d'Ivoire,Cote d'Ivoire,CIV,India,01-01-2016,139
Cote d'Ivoire,33.93911,67.709953,Cote d'Ivoire,Cote d'Ivoire,CIV,India,01-01-2015,239
Cote d'Ivoire,33.93911,67.709953,Cote d'Ivoire,Cote d'Ivoire,CIV,India,01-01-2014,232
Cote d'Ivoire,33.93911,67.709953,Cote d'Ivoire,Cote d'Ivoire,CIV,India,01-01-2013,235
Cote d'Ivoire,33.93911,67.709953,Cote d'Ivoire,Cote d'Ivoire,CIV,India,01-01-2012,284
Rwanda,-1.940278,29.873888,Rwanda,Rwanda,RWA,India,01-01-2016,491
Rwanda,-1.940278,29.873888,Rwanda,Rwanda,RWA,India,01-01-2015,479
Rwanda,-1.940278,29.873888,Rwanda,Rwanda,RWA,India,01-01-2014,1123
Rwanda,-1.940278,29.873888,Rwanda,Rwanda,RWA,India,01-01-2013,1026
Rwanda,-1.940278,29.873888,Rwanda,Rwanda,RWA,India,01-01-2012,719
Philippines,12.879721,121.774017,Philippines,Philippines,PHL,India,01-01-2016,18
Philippines,12.879721,121.774017,Philippines,Philippines,PHL,India,01-01-2015,28
Philippines,12.879721,121.774017,Philippines,Philippines,PHL,India,01-01-2014,17
Philippines,12.879721,121.774017,Philippines,Philippines,PHL,India,01-01-2013,19
Philippines,12.879721,121.774017,Philippines,Philippines,PHL,India,01-01-2012,8
Eritrea,15.179384,39.782334,Eritrea,Eritrea,ERI,India,01-01-2016,292
Eritrea,15.179384,39.782334,Eritrea,Eritrea,ERI,India,01-01-2015,100
Eritrea,15.179384,39.782334,Eritrea,Eritrea,ERI,India,01-01-2014,67
Eritrea,15.179384,39.782334,Eritrea,Eritrea,ERI,India,01-01-2013,545
Eritrea,15.179384,39.782334,Eritrea,Eritrea,ERI,India,01-01-2012,52
El Salvador,13.794185,-88.89653,El Salvador,El Salvador,SLV,India,01-01-2016,
El Salvador,13.794185,-88.89653,El Salvador,El Salvador,SLV,India,01-01-2015,
El Salvador,13.794185,-88.89653,El Salvador,El Salvador,SLV,India,01-01-2014,2
El Salvador,13.794185,-88.89653,El Salvador,El Salvador,SLV,India,01-01-2013,2
El Salvador,13.794185,-88.89653,El Salvador,El Salvador,SLV,India,01-01-2012,
Bangladesh,23.684994,90.356331,Bangladesh,Bangladesh,BGD,India,01-01-2016,1099
Bangladesh,23.684994,90.356331,Bangladesh,Bangladesh,BGD,India,01-01-2015,948
Bangladesh,23.684994,90.356331,Bangladesh,Bangladesh,BGD,India,01-01-2014,715
Bangladesh,23.684994,90.356331,Bangladesh,Bangladesh,BGD,India,01-01-2013,774
Bangladesh,23.684994,90.356331,Bangladesh,Bangladesh,BGD,India,01-01-2012,535
Andorra,42.546245,1.601554,Andorra,Andorra,AND,India,01-01-2016,3
Andorra,42.546245,1.601554,Andorra,Andorra,AND,India,01-01-2015,
Andorra,42.546245,1.601554,Andorra,Andorra,AND,India,01-01-2014,
Andorra,42.546245,1.601554,Andorra,Andorra,AND,India,01-01-2013,
Andorra,42.546245,1.601554,Andorra,Andorra,AND,India,01-01-2012,
Vanuatu,-15.376706,166.959158,Vanuatu,Vanuatu,VUT,India,01-01-2016,
Vanuatu,-15.376706,166.959158,Vanuatu,Vanuatu,VUT,India,01-01-2015,
Vanuatu,-15.376706,166.959158,Vanuatu,Vanuatu,VUT,India,01-01-2014,
Vanuatu,-15.376706,166.959158,Vanuatu,Vanuatu,VUT,India,01-01-2013,
Vanuatu,-15.376706,166.959158,Vanuatu,Vanuatu,VUT,India,01-01-2012,54
Sweden,60.128161,18.643501,Sweden,Sweden,SWE,India,01-01-2016,7
Sweden,60.128161,18.643501,Sweden,Sweden,SWE,India,01-01-2015,8
Sweden,60.128161,18.643501,Sweden,Sweden,SWE,India,01-01-2014,8
Sweden,60.128161,18.643501,Sweden,Sweden,SWE,India,01-01-2013,5
Sweden,60.128161,18.643501,Sweden,Sweden,SWE,India,01-01-2012,1
United States,37.09024,-95.712891,United States,United States,USA,India,01-01-2016,1018
United States,37.09024,-95.712891,United States,United States,USA,India,01-01-2015,978
United States,37.09024,-95.712891,United States,United States,USA,India,01-01-2014,1089
United States,37.09024,-95.712891,United States,United States,USA,India,01-01-2013,849
United States,37.09024,-95.712891,United States,United States,USA,India,01-01-2012,782
Ethiopia,9.145,40.489673,Ethiopia,Ethiopia,ETH,India,01-01-2016,387
Ethiopia,9.145,40.489673,Ethiopia,Ethiopia,ETH,India,01-01-2015,549
Ethiopia,9.145,40.489673,Ethiopia,Ethiopia,ETH,India,01-01-2014,331
Ethiopia,9.145,40.489673,Ethiopia,Ethiopia,ETH,India,01-01-2013,274
Ethiopia,9.145,40.489673,Ethiopia,Ethiopia,ETH,India,01-01-2012,231
Italy,41.87194,12.56738,Italy,Italy,ITA,India,01-01-2016,24
Italy,41.87194,12.56738,Italy,Italy,ITA,India,01-01-2015,34
Italy,41.87194,12.56738,Italy,Italy,ITA,India,01-01-2014,24
Italy,41.87194,12.56738,Italy,Italy,ITA,India,01-01-2013,36
Italy,41.87194,12.56738,Italy,Italy,ITA,India,01-01-2012,12
"Korea, South",35.907757,127.766922,"Korea, South","Korea, South",KOR,India,01-01-2016,149
"Korea, South",35.907757,127.766922,"Korea, South","Korea, South",KOR,India,01-01-2015,170
"Korea, South",35.907757,127.766922,"Korea, South","Korea, South",KOR,India,01-01-2014,209
"Korea, South",35.907757,127.766922,"Korea, South","Korea, South",KOR,India,01-01-2013,196
"Korea, South",35.907757,127.766922,"Korea, South","Korea, South",KOR,India,01-01-2012,162
Dominica,15.414999,-61.370976,Dominica,Dominica,DMA,India,01-01-2016,3
Dominica,15.414999,-61.370976,Dominica,Dominica,DMA,India,01-01-2015,
Dominica,15.414999,-61.370976,Dominica,Dominica,DMA,India,01-01-2014,
Dominica,15.414999,-61.370976,Dominica,Dominica,DMA,India,01-01-2013,
Dominica,15.414999,-61.370976,Dominica,Dominica,DMA,India,01-01-2012,
Netherlands,52.132633,5.291266,Netherlands,Netherlands,NLD,India,01-01-2016,12
Netherlands,52.132633,5.291266,Netherlands,Netherlands,NLD,India,01-01-2015,13
Netherlands,52.132633,5.291266,Netherlands,Netherlands,NLD,India,01-01-2014,7
Netherlands,52.132633,5.291266,Netherlands,Netherlands,NLD,India,01-01-2013,10
Netherlands,52.132633,5.291266,Netherlands,Netherlands,NLD,India,01-01-2012,8
Ghana,7.946527,-1.023194,Ghana,Ghana,GHA,India,01-01-2016,142
Ghana,7.946527,-1.023194,Ghana,Ghana,GHA,India,01-01-2015,154
Ghana,7.946527,-1.023194,Ghana,Ghana,GHA,India,01-01-2014,108
Ghana,7.946527,-1.023194,Ghana,Ghana,GHA,India,01-01-2013,40
Ghana,7.946527,-1.023194,Ghana,Ghana,GHA,India,01-01-2012,25
"Korea, North",40.339852,127.510093,"Korea, North","Korea, North",PRK,India,01-01-2016,88
"Korea, North",40.339852,127.510093,"Korea, North","Korea, North",PRK,India,01-01-2015,100
"Korea, North",40.339852,127.510093,"Korea, North","Korea, North",PRK,India,01-01-2014,94
"Korea, North",40.339852,127.510093,"Korea, North","Korea, North",PRK,India,01-01-2013,103
"Korea, North",40.339852,127.510093,"Korea, North","Korea, North",PRK,India,01-01-2012,158
Comoros,-11.875001,43.872219,Comoros,Comoros,COM,India,01-01-2016,56
Comoros,-11.875001,43.872219,Comoros,Comoros,COM,India,01-01-2015,39
Comoros,-11.875001,43.872219,Comoros,Comoros,COM,India,01-01-2014,22
Comoros,-11.875001,43.872219,Comoros,Comoros,COM,India,01-01-2013,15
Comoros,-11.875001,43.872219,Comoros,Comoros,COM,India,01-01-2012,3
Barbados,13.193887,-59.543198,Barbados,Barbados,BRB,India,01-01-2016,
Barbados,13.193887,-59.543198,Barbados,Barbados,BRB,India,01-01-2015,1
Barbados,13.193887,-59.543198,Barbados,Barbados,BRB,India,01-01-2014,1
Barbados,13.193887,-59.543198,Barbados,Barbados,BRB,India,01-01-2013,1
Barbados,13.193887,-59.543198,Barbados,Barbados,BRB,India,01-01-2012,
Nigeria,9.081999,8.675277,Nigeria,Nigeria,NGA,India,01-01-2016,2088
Nigeria,9.081999,8.675277,Nigeria,Nigeria,NGA,India,01-01-2015,1948
Nigeria,9.081999,8.675277,Nigeria,Nigeria,NGA,India,01-01-2014,1260
Nigeria,9.081999,8.675277,Nigeria,Nigeria,NGA,India,01-01-2013,661
Nigeria,9.081999,8.675277,Nigeria,Nigeria,NGA,India,01-01-2012,326
Somalia,5.152149,46.199616,Somalia,Somalia,SOM,India,01-01-2016,383
Somalia,5.152149,46.199616,Somalia,Somalia,SOM,India,01-01-2015,204
Somalia,5.152149,46.199616,Somalia,Somalia,SOM,India,01-01-2014,99
Somalia,5.152149,46.199616,Somalia,Somalia,SOM,India,01-01-2013,96
Somalia,5.152149,46.199616,Somalia,Somalia,SOM,India,01-01-2012,96
the Bolivarian Republic of Venezuela,-16.290154,-63.588653,Bolivia,the Bolivarian Republic of Venezuela,BOL,India,01-01-2016,
the Bolivarian Republic of Venezuela,-16.290154,-63.588653,Bolivia,the Bolivarian Republic of Venezuela,BOL,India,01-01-2015,
the Bolivarian Republic of Venezuela,-16.290154,-63.588653,Bolivia,the Bolivarian Republic of Venezuela,BOL,India,01-01-2014,
the Bolivarian Republic of Venezuela,-16.290154,-63.588653,Bolivia,the Bolivarian Republic of Venezuela,BOL,India,01-01-2013,1
the Bolivarian Republic of Venezuela,-16.290154,-63.588653,Bolivia,the Bolivarian Republic of Venezuela,BOL,India,01-01-2012,
Bosnia and Herzegovina,43.915886,17.679076,Bosnia and Herzegovina,Bosnia and Herzegovina,BIH,India,01-01-2016,
Bosnia and Herzegovina,43.915886,17.679076,Bosnia and Herzegovina,Bosnia and Herzegovina,BIH,India,01-01-2015,
Bosnia and Herzegovina,43.915886,17.679076,Bosnia and Herzegovina,Bosnia and Herzegovina,BIH,India,01-01-2014,
Bosnia and Herzegovina,43.915886,17.679076,Bosnia and Herzegovina,Bosnia and Herzegovina,BIH,India,01-01-2013,1
Bosnia and Herzegovina,43.915886,17.679076,Bosnia and Herzegovina,Bosnia and Herzegovina,BIH,India,01-01-2012,
Kuwait,29.31166,47.481766,Kuwait,Kuwait,KWT,India,01-01-2016,415
Kuwait,29.31166,47.481766,Kuwait,Kuwait,KWT,India,01-01-2015,322
Kuwait,29.31166,47.481766,Kuwait,Kuwait,KWT,India,01-01-2014,193
Kuwait,29.31166,47.481766,Kuwait,Kuwait,KWT,India,01-01-2013,133
Kuwait,29.31166,47.481766,Kuwait,Kuwait,KWT,India,01-01-2012,244
Aruba,12.52111,-69.968338,Aruba,Aruba,ABW,India,01-01-2016,1
Aruba,12.52111,-69.968338,Aruba,Aruba,ABW,India,01-01-2015,3
Aruba,12.52111,-69.968338,Aruba,Aruba,ABW,India,01-01-2014,1
Aruba,12.52111,-69.968338,Aruba,Aruba,ABW,India,01-01-2013,1
Aruba,12.52111,-69.968338,Aruba,Aruba,ABW,India,01-01-2012,
Tuvalu,-7.109535,177.64933,Tuvalu,Tuvalu,TUV,India,01-01-2016,2
Tuvalu,-7.109535,177.64933,Tuvalu,Tuvalu,TUV,India,01-01-2015,1
Tuvalu,-7.109535,177.64933,Tuvalu,Tuvalu,TUV,India,01-01-2014,6
Tuvalu,-7.109535,177.64933,Tuvalu,Tuvalu,TUV,India,01-01-2013,4
Tuvalu,-7.109535,177.64933,Tuvalu,Tuvalu,TUV,India,01-01-2012,1
Samoa,-13.759029,-172.104629,Samoa,Samoa,WSM,India,01-01-2016,
Samoa,-13.759029,-172.104629,Samoa,Samoa,WSM,India,01-01-2015,1
Samoa,-13.759029,-172.104629,Samoa,Samoa,WSM,India,01-01-2014,
Samoa,-13.759029,-172.104629,Samoa,Samoa,WSM,India,01-01-2013,
Samoa,-13.759029,-172.104629,Samoa,Samoa,WSM,India,01-01-2012,57
Brazil,-14.235004,-51.92528,Brazil,Brazil,BRA,India,01-01-2016,17
Brazil,-14.235004,-51.92528,Brazil,Brazil,BRA,India,01-01-2015,13
Brazil,-14.235004,-51.92528,Brazil,Brazil,BRA,India,01-01-2014,9
Brazil,-14.235004,-51.92528,Brazil,Brazil,BRA,India,01-01-2013,3
Brazil,-14.235004,-51.92528,Brazil,Brazil,BRA,India,01-01-2012,4
"Congo, Republic of the",-0.228021,15.827659,"Congo, Republic of the","Congo, Republic of the",COG,India,01-01-2016,280
"Congo, Republic of the",-0.228021,15.827659,"Congo, Republic of the","Congo, Republic of the",COG,India,01-01-2015,184
"Congo, Republic of the",-0.228021,15.827659,"Congo, Republic of the","Congo, Republic of the",COG,India,01-01-2014,123
"Congo, Republic of the",-0.228021,15.827659,"Congo, Republic of the","Congo, Republic of the",COG,India,01-01-2013,101
"Congo, Republic of the",-0.228021,15.827659,"Congo, Republic of the","Congo, Republic of the",COG,India,01-01-2012,61
Cambodia,12.565679,104.990963,Cambodia,Cambodia,KHM,India,01-01-2016,55
Cambodia,12.565679,104.990963,Cambodia,Cambodia,KHM,India,01-01-2015,49
Cambodia,12.565679,104.990963,Cambodia,Cambodia,KHM,India,01-01-2014,54
Cambodia,12.565679,104.990963,Cambodia,Cambodia,KHM,India,01-01-2013,55
Cambodia,12.565679,104.990963,Cambodia,Cambodia,KHM,India,01-01-2012,21
Sao Tome and Principe,0.18636,6.613081,Sao Tome and Principe,Sao Tome and Principe,STP,India,01-01-2016,
Sao Tome and Principe,0.18636,6.613081,Sao Tome and Principe,Sao Tome and Principe,STP,India,01-01-2015,
Sao Tome and Principe,0.18636,6.613081,Sao Tome and Principe,Sao Tome and Principe,STP,India,01-01-2014,
Sao Tome and Principe,0.18636,6.613081,Sao Tome and Principe,Sao Tome and Principe,STP,India,01-01-2013,
Sao Tome and Principe,0.18636,6.613081,Sao Tome and Principe,Sao Tome and Principe,STP,India,01-01-2012,
Bahrain,25.930414,50.637772,Bahrain,Bahrain,BHR,India,01-01-2016,358
Bahrain,25.930414,50.637772,Bahrain,Bahrain,BHR,India,01-01-2015,316
Bahrain,25.930414,50.637772,Bahrain,Bahrain,BHR,India,01-01-2014,260
Bahrain,25.930414,50.637772,Bahrain,Bahrain,BHR,India,01-01-2013,155
Bahrain,25.930414,50.637772,Bahrain,Bahrain,BHR,India,01-01-2012,228
Saint Kitts and Nevis,17.357822,-62.782998,Saint Kitts and Nevis,Saint Kitts and Nevis,KNA,India,01-01-2016,2
Saint Kitts and Nevis,17.357822,-62.782998,Saint Kitts and Nevis,Saint Kitts and Nevis,KNA,India,01-01-2015,1
Saint Kitts and Nevis,17.357822,-62.782998,Saint Kitts and Nevis,Saint Kitts and Nevis,KNA,India,01-01-2014,2
Saint Kitts and Nevis,17.357822,-62.782998,Saint Kitts and Nevis,Saint Kitts and Nevis,KNA,India,01-01-2013,2
Saint Kitts and Nevis,17.357822,-62.782998,Saint Kitts and Nevis,Saint Kitts and Nevis,KNA,India,01-01-2012,
Papua New Guinea,-6.314993,143.95555,Papua New Guinea,Papua New Guinea,PNG,India,01-01-2016,27
Papua New Guinea,-6.314993,143.95555,Papua New Guinea,Papua New Guinea,PNG,India,01-01-2015,7
Papua New Guinea,-6.314993,143.95555,Papua New Guinea,Papua New Guinea,PNG,India,01-01-2014,5
Papua New Guinea,-6.314993,143.95555,Papua New Guinea,Papua New Guinea,PNG,India,01-01-2013,1
Papua New Guinea,-6.314993,143.95555,Papua New Guinea,Papua New Guinea,PNG,India,01-01-2012,
Mali,17.570692,-3.996166,Mali,Mali,MLI,India,01-01-2016,37
Mali,17.570692,-3.996166,Mali,Mali,MLI,India,01-01-2015,28
Mali,17.570692,-3.996166,Mali,Mali,MLI,India,01-01-2014,25
Mali,17.570692,-3.996166,Mali,Mali,MLI,India,01-01-2013,23
Mali,17.570692,-3.996166,Mali,Mali,MLI,India,01-01-2012,10
Malawi,-13.254308,34.301525,Malawi,Malawi,MWI,India,01-01-2016,40
Malawi,-13.254308,34.301525,Malawi,Malawi,MWI,India,01-01-2015,24
Malawi,-13.254308,34.301525,Malawi,Malawi,MWI,India,01-01-2014,17
Malawi,-13.254308,34.301525,Malawi,Malawi,MWI,India,01-01-2013,15
Malawi,-13.254308,34.301525,Malawi,Malawi,MWI,India,01-01-2012,13
Gibraltar,36.137741,-5.345374,Gibraltar,Gibraltar,GIB,India,01-01-2016,
Gibraltar,36.137741,-5.345374,Gibraltar,Gibraltar,GIB,India,01-01-2015,
Gibraltar,36.137741,-5.345374,Gibraltar,Gibraltar,GIB,India,01-01-2014,
Gibraltar,36.137741,-5.345374,Gibraltar,Gibraltar,GIB,India,01-01-2013,
Gibraltar,36.137741,-5.345374,Gibraltar,Gibraltar,GIB,India,01-01-2012,
Cabo Verde,16.002082,-24.013197,Cabo Verde,Cabo Verde,CPV,India,01-01-2016,7
Cabo Verde,16.002082,-24.013197,Cabo Verde,Cabo Verde,CPV,India,01-01-2015,2
Cabo Verde,16.002082,-24.013197,Cabo Verde,Cabo Verde,CPV,India,01-01-2014,1
Cabo Verde,16.002082,-24.013197,Cabo Verde,Cabo Verde,CPV,India,01-01-2013,
Cabo Verde,16.002082,-24.013197,Cabo Verde,Cabo Verde,CPV,India,01-01-2012,
Iran,32.427908,53.688046,Iran,Iran,IRN,India,01-01-2016,1459
Iran,32.427908,53.688046,Iran,Iran,IRN,India,01-01-2015,1544
Iran,32.427908,53.688046,Iran,Iran,IRN,India,01-01-2014,1328
Iran,32.427908,53.688046,Iran,Iran,IRN,India,01-01-2013,2109
Iran,32.427908,53.688046,Iran,Iran,IRN,India,01-01-2012,2131
Iraq,33.223191,43.679291,Iraq,Iraq,IRQ,India,01-01-2016,1116
Iraq,33.223191,43.679291,Iraq,Iraq,IRQ,India,01-01-2015,1386
Iraq,33.223191,43.679291,Iraq,Iraq,IRQ,India,01-01-2014,2153
Iraq,33.223191,43.679291,Iraq,Iraq,IRQ,India,01-01-2013,1747
Iraq,33.223191,43.679291,Iraq,Iraq,IRQ,India,01-01-2012,957
Qatar,25.354826,51.183884,Qatar,Qatar,QAT,India,01-01-2016,404
Qatar,25.354826,51.183884,Qatar,Qatar,QAT,India,01-01-2015,322
Qatar,25.354826,51.183884,Qatar,Qatar,QAT,India,01-01-2014,114
Qatar,25.354826,51.183884,Qatar,Qatar,QAT,India,01-01-2013,170
Qatar,25.354826,51.183884,Qatar,Qatar,QAT,India,01-01-2012,214
Croatia,45.1,15.2,Croatia,Croatia,HRV,India,01-01-2016,1
Croatia,45.1,15.2,Croatia,Croatia,HRV,India,01-01-2015,
Croatia,45.1,15.2,Croatia,Croatia,HRV,India,01-01-2014,
Croatia,45.1,15.2,Croatia,Croatia,HRV,India,01-01-2013,1
Croatia,45.1,15.2,Croatia,Croatia,HRV,India,01-01-2012,
Romania,45.943161,24.96676,Romania,Romania,ROU,India,01-01-2016,9
Romania,45.943161,24.96676,Romania,Romania,ROU,India,01-01-2015,7
Romania,45.943161,24.96676,Romania,Romania,ROU,India,01-01-2014,
Romania,45.943161,24.96676,Romania,Romania,ROU,India,01-01-2013,4
Romania,45.943161,24.96676,Romania,Romania,ROU,India,01-01-2012,1
"Gambia, The",13.443182,-15.310139,"Gambia, The","Gambia, The",GMB,India,01-01-2016,28
"Gambia, The",13.443182,-15.310139,"Gambia, The","Gambia, The",GMB,India,01-01-2015,29
"Gambia, The",13.443182,-15.310139,"Gambia, The","Gambia, The",GMB,India,01-01-2014,5
"Gambia, The",13.443182,-15.310139,"Gambia, The","Gambia, The",GMB,India,01-01-2013,4
"Gambia, The",13.443182,-15.310139,"Gambia, The","Gambia, The",GMB,India,01-01-2012,2
Mexico,23.634501,-102.552784,Mexico,Mexico,MEX,India,01-01-2016,8
Mexico,23.634501,-102.552784,Mexico,Mexico,MEX,India,01-01-2015,8
Mexico,23.634501,-102.552784,Mexico,Mexico,MEX,India,01-01-2014,7
Mexico,23.634501,-102.552784,Mexico,Mexico,MEX,India,01-01-2013,6
Mexico,23.634501,-102.552784,Mexico,Mexico,MEX,India,01-01-2012,5
Kyrgyzstan,41.20438,74.766098,Kyrgyzstan,Kyrgyzstan,KGZ,India,01-01-2016,7
Kyrgyzstan,41.20438,74.766098,Kyrgyzstan,Kyrgyzstan,KGZ,India,01-01-2015,6
Kyrgyzstan,41.20438,74.766098,Kyrgyzstan,Kyrgyzstan,KGZ,India,01-01-2014,
Kyrgyzstan,41.20438,74.766098,Kyrgyzstan,Kyrgyzstan,KGZ,India,01-01-2013,4
Kyrgyzstan,41.20438,74.766098,Kyrgyzstan,Kyrgyzstan,KGZ,India,01-01-2012,5
Jamaica,18.109581,-77.297508,Jamaica,Jamaica,JAM,India,01-01-2016,2
Jamaica,18.109581,-77.297508,Jamaica,Jamaica,JAM,India,01-01-2015,4
Jamaica,18.109581,-77.297508,Jamaica,Jamaica,JAM,India,01-01-2014,
Jamaica,18.109581,-77.297508,Jamaica,Jamaica,JAM,India,01-01-2013,
Jamaica,18.109581,-77.297508,Jamaica,Jamaica,JAM,India,01-01-2012,
Iceland,64.963051,-19.020835,Iceland,Iceland,ISL,India,01-01-2016,47
Iceland,64.963051,-19.020835,Iceland,Iceland,ISL,India,01-01-2015,3
Iceland,64.963051,-19.020835,Iceland,Iceland,ISL,India,01-01-2014,24
Iceland,64.963051,-19.020835,Iceland,Iceland,ISL,India,01-01-2013,4
Iceland,64.963051,-19.020835,Iceland,Iceland,ISL,India,01-01-2012,4
Haiti,18.971187,-72.285215,Haiti,Haiti,HTI,India,01-01-2016,
Haiti,18.971187,-72.285215,Haiti,Haiti,HTI,India,01-01-2015,
Haiti,18.971187,-72.285215,Haiti,Haiti,HTI,India,01-01-2014,
Haiti,18.971187,-72.285215,Haiti,Haiti,HTI,India,01-01-2013,
Haiti,18.971187,-72.285215,Haiti,Haiti,HTI,India,01-01-2012,
Hungary,47.162494,19.503304,Hungary,Hungary,HUN,India,01-01-2016,3
Hungary,47.162494,19.503304,Hungary,Hungary,HUN,India,01-01-2015,5
Hungary,47.162494,19.503304,Hungary,Hungary,HUN,India,01-01-2014,1
Hungary,47.162494,19.503304,Hungary,Hungary,HUN,India,01-01-2013,2
Hungary,47.162494,19.503304,Hungary,Hungary,HUN,India,01-01-2012,2
Anguilla,18.220554,-63.068615,Anguilla,Anguilla,AIA,India,01-01-2016,
Anguilla,18.220554,-63.068615,Anguilla,Anguilla,AIA,India,01-01-2015,
Anguilla,18.220554,-63.068615,Anguilla,Anguilla,AIA,India,01-01-2014,
Anguilla,18.220554,-63.068615,Anguilla,Anguilla,AIA,India,01-01-2013,150
Anguilla,18.220554,-63.068615,Anguilla,Anguilla,AIA,India,01-01-2012,
Dominican Republic,18.735693,-70.162651,Dominican Republic,Dominican Republic,DOM,India,01-01-2016,
Dominican Republic,18.735693,-70.162651,Dominican Republic,Dominican Republic,DOM,India,01-01-2015,
Dominican Republic,18.735693,-70.162651,Dominican Republic,Dominican Republic,DOM,India,01-01-2014,1
Dominican Republic,18.735693,-70.162651,Dominican Republic,Dominican Republic,DOM,India,01-01-2013,1
Dominican Republic,18.735693,-70.162651,Dominican Republic,Dominican Republic,DOM,India,01-01-2012,4
Turkmenistan,38.969719,59.556278,Turkmenistan,Turkmenistan,TKM,India,01-01-2016,71
Turkmenistan,38.969719,59.556278,Turkmenistan,Turkmenistan,TKM,India,01-01-2015,69
Turkmenistan,38.969719,59.556278,Turkmenistan,Turkmenistan,TKM,India,01-01-2014,66
Turkmenistan,38.969719,59.556278,Turkmenistan,Turkmenistan,TKM,India,01-01-2013,63
Turkmenistan,38.969719,59.556278,Turkmenistan,Turkmenistan,TKM,India,01-01-2012,34
Chile,-35.675147,-71.542969,Chile,Chile,CHL,India,01-01-2016,2
Chile,-35.675147,-71.542969,Chile,Chile,CHL,India,01-01-2015,9
Chile,-35.675147,-71.542969,Chile,Chile,CHL,India,01-01-2014,4
Chile,-35.675147,-71.542969,Chile,Chile,CHL,India,01-01-2013,4
Chile,-35.675147,-71.542969,Chile,Chile,CHL,India,01-01-2012,3
Chad,15.454166,18.732207,Chad,Chad,TCD,India,01-01-2016,35
Chad,15.454166,18.732207,Chad,Chad,TCD,India,01-01-2015,36
Chad,15.454166,18.732207,Chad,Chad,TCD,India,01-01-2014,28
Chad,15.454166,18.732207,Chad,Chad,TCD,India,01-01-2013,17
Chad,15.454166,18.732207,Chad,Chad,TCD,India,01-01-2012,14
Georgia,42.315407,43.356892,Georgia,Georgia,GEO,India,01-01-2016,
Georgia,42.315407,43.356892,Georgia,Georgia,GEO,India,01-01-2015,3
Georgia,42.315407,43.356892,Georgia,Georgia,GEO,India,01-01-2014,
Georgia,42.315407,43.356892,Georgia,Georgia,GEO,India,01-01-2013,
Georgia,42.315407,43.356892,Georgia,Georgia,GEO,India,01-01-2012,1
Seychelles,-4.679574,55.491977,Seychelles,Seychelles,SYC,India,01-01-2016,20
Seychelles,-4.679574,55.491977,Seychelles,Seychelles,SYC,India,01-01-2015,20
Seychelles,-4.679574,55.491977,Seychelles,Seychelles,SYC,India,01-01-2014,17
Seychelles,-4.679574,55.491977,Seychelles,Seychelles,SYC,India,01-01-2013,16
Seychelles,-4.679574,55.491977,Seychelles,Seychelles,SYC,India,01-01-2012,24
New Zealand,-40.900557,174.885971,New Zealand,New Zealand,NZL,India,01-01-2016,25
New Zealand,-40.900557,174.885971,New Zealand,New Zealand,NZL,India,01-01-2015,20
New Zealand,-40.900557,174.885971,New Zealand,New Zealand,NZL,India,01-01-2014,25
New Zealand,-40.900557,174.885971,New Zealand,New Zealand,NZL,India,01-01-2013,23
New Zealand,-40.900557,174.885971,New Zealand,New Zealand,NZL,India,01-01-2012,20
South Sudan,,,,South Sudan,SSD,India,01-01-2016,
South Sudan,,,,South Sudan,SSD,India,01-01-2015,
South Sudan,,,,South Sudan,SSD,India,01-01-2014,
South Sudan,,,,South Sudan,SSD,India,01-01-2013,
South Sudan,,,,South Sudan,SSD,India,01-01-2012,
Switzerland,46.818188,8.227512,Switzerland,Switzerland,CHE,India,01-01-2016,176
Switzerland,46.818188,8.227512,Switzerland,Switzerland,CHE,India,01-01-2015,14
Switzerland,46.818188,8.227512,Switzerland,Switzerland,CHE,India,01-01-2014,8
Switzerland,46.818188,8.227512,Switzerland,Switzerland,CHE,India,01-01-2013,9
Switzerland,46.818188,8.227512,Switzerland,Switzerland,CHE,India,01-01-2012,8
Burundi,-3.373056,29.918886,Burundi,Burundi,BDI,India,01-01-2016,102
Burundi,-3.373056,29.918886,Burundi,Burundi,BDI,India,01-01-2015,107
Burundi,-3.373056,29.918886,Burundi,Burundi,BDI,India,01-01-2014,167
Burundi,-3.373056,29.918886,Burundi,Burundi,BDI,India,01-01-2013,132
Burundi,-3.373056,29.918886,Burundi,Burundi,BDI,India,01-01-2012,125
Honduras,15.199999,-86.241905,Honduras,Honduras,HND,India,01-01-2016,
Honduras,15.199999,-86.241905,Honduras,Honduras,HND,India,01-01-2015,
Honduras,15.199999,-86.241905,Honduras,Honduras,HND,India,01-01-2014,
Honduras,15.199999,-86.241905,Honduras,Honduras,HND,India,01-01-2013,1
Honduras,15.199999,-86.241905,Honduras,Honduras,HND,India,01-01-2012,
Brunei,4.535277,114.727669,Brunei,Brunei,BRN,India,01-01-2016,2
Brunei,4.535277,114.727669,Brunei,Brunei,BRN,India,01-01-2015,2
Brunei,4.535277,114.727669,Brunei,Brunei,BRN,India,01-01-2014,4
Brunei,4.535277,114.727669,Brunei,Brunei,BRN,India,01-01-2013,
Brunei,4.535277,114.727669,Brunei,Brunei,BRN,India,01-01-2012,4
Tajikistan,38.861034,71.276093,Tajikistan,Tajikistan,TJK,India,01-01-2016,23
Tajikistan,38.861034,71.276093,Tajikistan,Tajikistan,TJK,India,01-01-2015,27
Tajikistan,38.861034,71.276093,Tajikistan,Tajikistan,TJK,India,01-01-2014,22
Tajikistan,38.861034,71.276093,Tajikistan,Tajikistan,TJK,India,01-01-2013,20
Tajikistan,38.861034,71.276093,Tajikistan,Tajikistan,TJK,India,01-01-2012,43
,49.214439,-2.13125,Jersey,Jersey,JEY,,,
,-24.143474,-10.030696,Saint Martin,Saint Martin,MAF,,,
,-17.679742,-149.406843,French Polynesia,French Polynesia,PYF,,,
,49.465691,-2.585278,Guernsey,Guernsey,GGY,,,
,,,,Sint Maarten,SXM,,,
,54.236107,-4.548056,Isle of Man,Isle of Man,IMN,,,
,,,,Curacao,CUW,,,
,23.69781,120.960515,Taiwan,Taiwan,TWN,,,
,,,,West Bank,WBG,,,
,6.42375,-66.58973,Venezuela,Venezuela,VEN,,,
,61.892635,-6.911806,Faroe Islands,Faroe Islands,FRO,,,
,-20.904305,165.618042,New Caledonia,New Caledonia,NCL,,,
,13.444304,144.793731,Guam,Guam,GUM,,,
,46.941936,-56.27111,Saint Pierre and Miquelon,Saint Pierre and Miquelon,SPM,,,
,18.220833,-66.590149,Puerto Rico,Puerto Rico,PRI,,,
,-14.270972,-170.132217,American Samoa,American Samoa,ASM,,,
,17.33083,145.38469,Northern Mariana Islands,Northern Mariana Islands,MNP,,,
,-51.796253,-59.523613,Falkland Islands (Islas Malvinas),Falkland Islands (Islas Malvinas),FLK,,,
,18.335765,-64.896335,Virgin Islands,Virgin Islands,VGB,,,
,71.706936,-42.604303,Greenland,Greenland,GRL,,,
,42.602636,20.902977,Kosovo,Kosovo,KSV,,,
